latitude,longitude,altitude,geometry,comparison,type
47.3863719,8.5169761,,Point,2.2360679775,FOOD_FASTFOOD
47.3865335,8.5163225,,Point,2.4494897428,SHOP_KIOSK
47.3867624,8.5158518,,Point,3.3166247904,SPORT_LEISURECENTER
47.3858981,8.51772,,Point,6.6332495807,FOOD_FASTFOOD
47.3856858,8.5194418,,Point,10.8627804912,SHOP_CLOTHES
47.3856831,8.5193845,,Point,10.8627804912,POI_TOWERLOOKOUT
47.3856511,8.5196211,,Point,11.1803398875,FOOD_CAFE
50.5659033,7.2774976,,Point,11.2249721603,ACCOMMO_HOTEL
47.3856093,8.5196778,,Point,11.2249721603,SHOP_DEPARTMENTSTORE
50.5661084,7.277409,,Point,11.7473401245,FOOD_BIERGARTEN
50.5662764,7.2776448,,Point,12.3693168769,TOURIST_MUSEUM
50.5665266,7.2772647,,Point,12.3693168769,LANDUSE_GRASS
55.594312,13.0000144,,Point,12.409673646,SHOP_CONVENIENCE
47.3855574,8.5212997,,Point,12.7279220614,SHOP_DEPARTMENTSTORE
55.5941991,13.0000053,,Point,12.9228479833,MONEY_EXCHANGE
50.5670389,7.2798506,,Point,13.1909059583,ACCOMMO_HOTEL
48.1549751,11.5860868,,Point,13.3416640641,SHOP_HAIRDRESSER
48.1461733,11.5367127,,Point,13.3790881603,TRANSPORT_TRAMSTOP
50.5672201,7.2788331,,Point,13.7477270849,EDUCATION_SCHOOL
48.1462693,11.5358954,,Point,14.2126704036,TRANSPORT_TRAMSTOP
48.1548528,11.5856125,,Point,14.2828568571,FOOD_RESTAURANT
48.2322832,16.3565157,,Point,14.3874945699,FOOD_RESTAURANT
48.2322606,16.3565265,,Point,14.3874945699,FOOD_CAFE
47.3851359,8.5209751,,Point,14.4222051019,SHOP_DEPARTMENTSTORE
46.8072371,7.1601048,,Point,14.4568322948,AMENITY_LIBRARY
46.8077422,7.159627,,Point,14.5258390463,TOURIST_MUSEUM
48.1577069,14.0178371,,Point,14.7309198627,FOOD_FASTFOOD
46.8070818,7.160378,,Point,14.7986485869,TOURIST_FOUNTAIN
48.067329,6.8705958,,Point,14.8660687473,AMENITY_POLICE
46.807015,7.1603461,,Point,14.8996644258,SPORT_GOLF
48.2319815,16.3566581,,Point,14.9331845231,FOOD_FASTFOOD
51.9824188,5.9186749,,Point,15.2315462117,ACCOMMO_HOTEL
48.1744337,6.4499165,,Point,15.4919333848,SHOP_DEPARTMENTSTORE
48.1750999,6.4501621,,Point,15.4919333848,MONEY_BANK
48.1750879,6.4495057,,Point,15.4919333848,HEALTH_PHARMACY
48.1751046,6.4500164,,Point,15.4919333848,MONEY_BANK
48.1749094,6.4501197,,Point,15.4919333848,FOOD_PUB
48.1748035,6.449961,,Point,15.4919333848,SHOP_DEPARTMENTSTORE
48.1746152,6.4492155,,Point,15.4919333848,EDUCATION_SCHOOL
48.1742103,6.4510119,,Point,15.5241746963,POW_CHRISTIAN
48.1755273,6.4482528,,Point,15.5884572681,SHOP_HAIRDRESSER
46.8073102,7.1616773,,Point,15.6204993518,TOURIST_MUSEUM
48.1748451,6.4480166,,Point,15.6204993518,SHOP_PHONE
46.459667,6.8400794,,Point,15.6524758425,LANDUSE_GRASS
50.8562194,4.3464503,,Point,15.748015748,SHOP_CLOTHES
54.8958678,23.906081,,Point,15.8113883008,FOOD_CAFE
43.3392851,3.2136533,,Point,15.8113883008,TOURIST_ART
42.6900546,23.3425657,,Point,15.8429795178,MONEY_BANK
50.8171183,4.3830753,,Point,15.8429795178,EDUCATION_SCHOOL
50.8538355,4.3420827,,Point,15.8429795178,TRANSPORT_TRAMSTOP
51.9859524,5.9168921,,Point,16,LANDUSE_GRASS
50.8537716,4.3418742,,Point,16.0623784042,TRANSPORT_TRAMSTOP
46.8061834,7.1606388,,Point,16.1554944214,FOOD_CAFE
50.8380292,4.4054125,,Point,16.2480768093,TRANSPORT_TRAMSTOP
46.8064469,7.1613669,,Point,16.2788205961,FOOD_CAFE
43.3384803,3.2143615,,Point,16.3095064303,TOURIST_ART
48.1772223,6.4488995,,Point,16.3401346384,ACCOMMO_HOTEL
50.96158,13.9457478,,Point,16.3401346384,FOOD_RESTAURANT
43.3384572,3.2150194,,Point,16.3707055437,SHOP_FLORIST
48.0904564,-4.3261832,,Point,16.3707055437,SHOP_TOBACCO
43.3385238,3.214184,,Point,16.4316767252,EDUCATION_NURSERY
48.0900496,-4.325617,,Point,16.4316767252,SHOP_BUTCHER
46.2287911,7.3543643,,Point,16.4620776332,FOOD_BAR
48.2313355,16.3581074,,Point,16.4620776332,AMENITY_LIBRARY
38.7062019,-9.4035185,,Point,16.5529453572,FOOD_RESTAURANT
47.3982659,8.4513221,,Point,16.5831239518,FOOD_CAFE
47.3982948,8.4513478,,Point,16.5831239518,FOOD_RESTAURANT
50.6665246,4.620068,,Point,16.5831239518,EDUCATION_UNIVERSITY
47.3984909,8.4515741,,Point,16.5831239518,SHOP_MOTORCYCLE
47.3983353,8.4515832,,Point,16.5831239518,FOOD_BAR
46.8078382,7.1585956,,Point,16.6733320005,SPORT_GOLF
48.0929287,-4.3334687,,Point,16.6733320005,FOOD_RESTAURANT
54.897101,23.8989329,,Point,16.7032930885,SHOP_CONVENIENCE
50.8380991,4.4063392,,Point,16.7032930885,MONEY_BANK
50.666814,4.6207112,,Point,16.7332005307,EDUCATION_UNIVERSITY
47.6508488,9.4721085,,Point,16.7630546142,TRANSPORT_MARINA
48.1762546,6.4475444,,Point,16.7630546142,SHOP_CLOTHES
51.5090924,7.4541151,,Point,16.7630546142,ACCOMMO_HOTEL
46.806016,7.1615413,,Point,16.7928556237,SHOP_PHONE
43.5443365,10.3076419,,Point,16.7928556237,AMENITY_POLICE
46.8069122,7.1616878,,Point,16.8226038413,POW_CHRISTIAN
46.2343183,7.361942,,Point,16.8226038413,TOURIST_MUSEUM
46.8060648,7.1616201,,Point,16.8226038413,FOOD_RESTAURANT
41.810702,12.6847205,,Point,16.8522995464,AMENITY_POLICE
46.2345177,7.3610364,,Point,16.8522995464,TOURIST_FOUNTAIN
43.3882183,-1.6642909,,Point,16.8819430161,FOOD_RESTAURANT
48.1760767,6.4476362,,Point,16.9115345253,SHOP_SUPERMARKET
48.1758836,6.4474036,,Point,16.9115345253,SHOP_JEWELRY
42.6897017,23.3420249,,Point,16.9705627485,SHOP_BAKERY
57.6999852,11.9906218,,Point,17,SPORT_SWIMMING
48.1475882,16.9432787,,Point,17,SHOP_TOYS
48.1476075,16.9429991,,Point,17,FOOD_FASTFOOD
48.147449,16.9435583,,Point,17,FOOD_RESTAURANT
48.1475597,16.943121,,Point,17,TOURIST_NIGHTCLUB
42.6896029,23.3421751,,Point,17,FOOD_RESTAURANT
46.2341265,7.3606143,,Point,17,FOOD_RESTAURANT
48.1475646,16.9435252,,Point,17,ACCOMMO_HOTEL
48.1477453,16.9435387,,Point,17,SHOP_DEPARTMENTSTORE
41.8125455,12.6809563,,Point,17.0880074906,MONEY_BANK
48.1475611,16.9436675,,Point,17.1464281995,SHOP_HAIRDRESSER
48.1468599,16.9441664,,Point,17.1464281995,HEALTH_DOCTORS
45.9228368,6.8655051,,Point,17.1464281995,EDUCATION_SCHOOL
48.147543,16.9439964,,Point,17.1755640373,FOOD_FASTFOOD
48.1475554,16.9437682,,Point,17.1755640373,SHOP_FLORIST
48.1757936,6.4479205,,Point,17.2046505341,HEALTH_PHARMACY
48.1756188,6.4477712,,Point,17.2046505341,SHOP_HAIRDRESSER
55.6964035,12.5854385,,Point,17.2046505341,POI_EMBASSY
54.8969885,23.9057946,,Point,17.2046505341,LANDUSE_GRASS
54.8978044,23.9071298,,Point,17.2336879396,ACCOMMO_HOTEL
54.897792,23.9069366,,Point,17.2336879396,FOOD_CAFE
50.4587361,3.9521307,,Point,17.2626765016,EDUCATION_UNIVERSITY
47.5641696,9.1079794,,Point,17.3205080757,FOOD_PUB
48.1477394,16.9438929,,Point,17.3205080757,SHOP_CLOTHES
55.696785,12.585876,,Point,17.3493515729,FOOD_CAFE
48.4586088,10.2787148,,Point,17.3493515729,POW_CHRISTIAN
48.0906649,-4.331039,,Point,17.3493515729,SHOP_BAKERY
49.1854298,6.9031354,,Point,17.378147197,TOURIST_THEATRE
48.147314,16.9429653,,Point,17.4068951855,SPORT_LEISURECENTER
48.1480711,16.942785,,Point,17.4068951855,HEALTH_DOCTORS
48.1480066,16.9428386,,Point,17.4355957742,HEALTH_DOCTORS
47.5640995,9.108355,,Point,17.4642491966,FOOD_RESTAURANT
46.8058308,7.1612343,,Point,17.4642491966,HEALTH_PHARMACY
48.0913701,-4.3327126,,Point,17.4642491966,FOOD_FASTFOOD
54.8974226,23.9055844,,Point,17.4928556845,TOURIST_MEMORIAL
47.3981295,8.4506861,,Point,17.5214154679,FOOD_PUB
47.3984037,8.4503569,,Point,17.5214154679,FOOD_BAR
47.397826,8.4505892,,Point,17.5214154679,MONEY_BANK
47.3980596,8.4504124,,Point,17.5214154679,FOOD_RESTAURANT
47.3979901,8.4509199,,Point,17.5214154679,FOOD_RESTAURANT
47.3980225,8.4510633,,Point,17.5214154679,SHOP_SUPERMARKET
47.3978471,8.450288,,Point,17.5214154679,FOOD_RESTAURANT
48.0914733,-4.3327471,,Point,17.5499287748,FOOD_RESTAURANT
48.0911876,-4.332472,,Point,17.5499287748,SHOP_DEPARTMENTSTORE
43.5468318,10.3049151,,Point,17.5499287748,TOURIST_FOUNTAIN
48.1468614,16.9434977,,Point,17.5783958312,FOOD_RESTAURANT
43.3885808,-1.6644333,,Point,17.5783958312,FOOD_RESTAURANT
43.3884255,-1.664198,,Point,17.5783958312,FOOD_BAR
46.2340436,7.3592384,,Point,17.6068168617,POW_CHRISTIAN
48.0901434,-4.3291648,,Point,17.6068168617,EDUCATION_SCHOOL
54.8963778,23.9062039,,Point,17.6068168617,TOURIST_THEATRE
48.0897373,-4.3288712,,Point,17.6068168617,EDUCATION_SCHOOL
48.0901847,-4.329158,,Point,17.6068168617,EDUCATION_SCHOOL
43.5448523,10.3061566,,Point,17.6068168617,FOOD_RESTAURANT
51.8535509,8.2905586,,Point,17.6068168617,SHOP_DEPARTMENTSTORE
41.8117697,12.6832348,,Point,17.6351920885,SHOP_SUPERMARKET
47.7793102,10.6196625,,Point,17.6635217327,FOOD_RESTAURANT
41.8117159,12.6835213,,Point,17.6635217327,SHOP_DEPARTMENTSTORE
48.1756768,6.4477536,,Point,17.691806013,SHOP_CONFECTIONERY
48.1757069,6.4476688,,Point,17.691806013,SHOP_CLOTHES
48.4590078,10.2774054,,Point,17.691806013,FOOD_FASTFOOD
48.1757536,6.4475954,,Point,17.691806013,SHOP_HAIRDRESSER
48.1760357,6.4479639,,Point,17.691806013,FOOD_RESTAURANT
45.8126747,9.0750975,,Point,17.691806013,FOOD_CAFE
48.0916575,-4.3328527,,Point,17.7200451467,FOOD_BAR
47.352483,8.3476935,,Point,17.7200451467,FOOD_RESTAURANT
54.897112,23.9073814,,Point,17.7200451467,TOURIST_THEATRE
54.897085,23.907356,,Point,17.7200451467,TOURIST_MUSEUM
43.3875403,-1.662396,,Point,17.7763888346,FOOD_RESTAURANT
48.4583558,10.2799447,,Point,17.8044938148,HEALTH_PHARMACY
56.1657005,15.5825696,,Point,17.8044938148,FOOD_FASTFOOD
45.9227991,6.865796,,Point,17.8325545001,EDUCATION_SCHOOL
53.5148976,12.6888308,,Point,17.8325545001,MONEY_BANK
45.9227377,6.8658131,,Point,17.8325545001,EDUCATION_SCHOOL
48.4584321,10.2782801,,Point,17.8605710995,SHOP_SUPERMARKET
41.4379641,-8.2919309,,Point,17.9164728672,SHOP_SUPERMARKET
48.1477113,16.9423101,,Point,17.9164728672,TOURIST_INFORMATION
45.9225362,6.8658162,,Point,17.9164728672,EDUCATION_SCHOOL
50.8379206,4.4062029,,Point,17.9443584449,TRANSPORT_TRAMSTOP
53.5570806,13.2679124,,Point,17.9722007556,AMENITY_TOWNHALL
48.4585467,10.2795678,,Point,17.9722007556,SHOP_DEPARTMENTSTORE
48.4585901,10.2769132,,Point,17.9722007556,TRANSPORT_FUEL
48.1465385,16.9429646,,Point,18,POW_CHRISTIAN
48.0619,12.22743,,Point,18,SHOP_HAIRDRESSER
46.9518831,4.3001118,,Point,18.0277563773,SHOP_CLOTHES
46.951783,4.3000806,,Point,18.0277563773,SHOP_CLOTHES
53.5218642,8.1182481,,Point,18.0277563773,TOURIST_THEATRE
48.146506,16.9428218,,Point,18.0277563773,SPORT_STADIUM
48.4586433,10.2798831,,Point,18.0277563773,FOOD_RESTAURANT
53.1211678,17.9943617,,Point,18.0554700853,MONEY_BANK
48.0909774,-4.332517,,Point,18.08314132,SHOP_BOOK
47.7790445,10.619758,,Point,18.08314132,EDUCATION_SCHOOL
51.3682152,-0.0941644,,Point,18.1107702763,POW_CHRISTIAN
51.8539335,8.2912327,,Point,18.1107702763,FOOD_RESTAURANT
48.4584768,10.2800288,,Point,18.1107702763,HEALTH_DENTIST
47.7787897,10.6187568,,Point,18.1107702763,SHOP_CLOTHES
50.6918053,4.2036629,,Point,18.1107702763,SHOP_VIDEORENTAL
50.6918769,4.2037336,,Point,18.1107702763,SHOP_HIFI
50.6920392,4.2038982,,Point,18.1107702763,SHOP_DEPARTMENTSTORE
50.6921165,4.2039814,,Point,18.1383571472,SHOP_CLOTHES
50.6918722,4.2041563,,Point,18.1383571472,SHOP_DEPARTMENTSTORE
50.6925419,4.2042276,,Point,18.1383571472,SHOP_HAIRDRESSER
50.6923904,4.2042696,,Point,18.1383571472,FOOD_CAFE
50.6923259,4.2041938,,Point,18.1383571472,SHOP_SHOES
50.6920111,4.2043046,,Point,18.1383571472,FOOD_RESTAURANT
50.6928662,4.2032669,,Point,18.1383571472,HEALTH_HOSPITAL
50.6922459,4.2041592,,Point,18.1383571472,SHOP_DEPARTMENTSTORE
50.6918051,4.2040967,,Point,18.1383571472,FOOD_RESTAURANT
50.69173,4.2040511,,Point,18.1383571472,FOOD_RESTAURANT
50.6918977,4.2041885,,Point,18.1383571472,SHOP_DEPARTMENTSTORE
43.3879945,-1.6629423,,Point,18.1383571472,HEALTH_PHARMACY
43.3880075,-1.6629409,,Point,18.1383571472,HEALTH_PHARMACY
49.6374155,-1.6187051,,Point,18.1383571472,EDUCATION_SCHOOL
50.6918777,4.2041672,,Point,18.1383571472,SHOP_CLOTHES
50.6925438,4.2044594,,Point,18.1383571472,FOOD_RESTAURANT
50.6919321,4.2042228,,Point,18.1383571472,SHOP_HEARINGAIDS
51.8535418,8.2906512,,Point,18.1659021246,FOOD_FASTFOOD
54.8979632,23.9059898,,Point,18.1659021246,TOURIST_MEMORIAL
38.9629646,-0.1803023,,Point,18.1659021246,TOURIST_FOUNTAIN
49.6367917,-1.6187394,,Point,18.1934053987,ACCOMMO_HOTEL
53.5146999,12.6886512,,Point,18.1934053987,FOOD_RESTAURANT
51.8369202,10.7928942,,Point,18.1934053987,MONEY_BANK
59.7432967,10.2015778,,Point,18.2208671583,TOURIST_ART
47.7786154,10.6200247,,Point,18.2482875909,SHOP_HAIRDRESSER
49.6357369,-1.6223419,,Point,18.2482875909,SHOP_HAIRDRESSER
43.4269271,6.7697941,,Point,18.2482875909,SHOP_MOTORCYCLE
50.6918552,4.2034579,,Point,18.2482875909,SHOP_CLOTHES
49.187365,16.5945263,,Point,18.2482875909,TRANSPORT_TRAMSTOP
47.7784365,10.6206471,,Point,18.2482875909,HEALTH_PHARMACY
47.7785964,10.6201629,,Point,18.2482875909,FOOD_PUB
51.8537531,8.2910331,,Point,18.2756668825,POW_CHRISTIAN
47.4737725,-0.5591237,,Point,18.2756668825,FOOD_FASTFOOD
50.6924558,4.2047819,,Point,18.2756668825,MONEY_BANK
45.0420994,3.8871873,,Point,18.2756668825,SHOP_DEPARTMENTSTORE
50.6926075,4.2045385,,Point,18.2756668825,FOOD_RESTAURANT
50.6922873,4.2046056,,Point,18.2756668825,SHOP_HAIRDRESSER
50.6924027,4.204712,,Point,18.2756668825,FOOD_BAR
51.5055261,7.4509742,,Point,18.2756668825,FOOD_FASTFOOD
50.6921517,4.2046184,,Point,18.2756668825,MONEY_BANK
51.5056303,7.4514006,,Point,18.2756668825,FOOD_PUB
48.5423342,9.2857279,,Point,18.3030052177,FOOD_BAR
48.9154584,2.275558,,Point,18.3030052177,SHOP_SUPERMARKET
47.7112383,13.6254545,,Point,18.3030052177,ACCOMMO_HOTEL
48.4581475,10.2773248,,Point,18.3030052177,FOOD_RESTAURANT
47.4738099,-0.5591834,,Point,18.3030052177,SHOP_HIFI
47.3964254,8.4478343,,Point,18.3303027798,SHOP_DEPARTMENTSTORE
47.3965386,8.4478296,,Point,18.3303027798,SHOP_HEARINGAIDS
47.7127155,13.6227239,,Point,18.3575597507,SHOP_MOTORCYCLE
46.9515016,4.2999327,,Point,18.3575597507,FOOD_FASTFOOD
47.7127943,13.6229044,,Point,18.3575597507,SHOP_DEPARTMENTSTORE
47.7126028,13.6229866,,Point,18.3575597507,SHOP_SHOES
48.0167322,9.504352,,Point,18.3575597507,HEALTH_DOCTORS
46.9514468,4.3000144,,Point,18.3575597507,SHOP_CONFECTIONERY
55.6958721,12.585465,,Point,18.3575597507,POI_EMBASSY
47.7786334,10.6190126,,Point,18.3575597507,SHOP_JEWELRY
51.506448,7.4512409,,Point,18.3847763109,FOOD_CAFE
47.7787479,10.6205584,,Point,18.3847763109,TOURIST_MUSEUM
48.0646038,12.233175,,Point,18.3847763109,EDUCATION_SCHOOL
39.8937669,32.8766593,,Point,18.3847763109,SHOP_FLORIST
47.7787688,10.6204576,,Point,18.3847763109,TOURIST_MUSEUM
50.6928756,4.2043671,,Point,18.3847763109,FOOD_RESTAURANT
47.3485114,8.3430308,,Point,18.3847763109,EDUCATION_SCHOOL
45.9232581,6.8663597,,Point,18.3847763109,AMENITY_POLICE
52.0567779,4.4910469,,Point,18.4119526395,SHOP_HAIRDRESSER
47.3973972,8.4488323,,Point,18.4119526395,FOOD_RESTAURANT
47.3974176,8.4489986,,Point,18.4119526395,TOURIST_NIGHTCLUB
39.7177098,2.9115914,,Point,18.4119526395,SHOP_BAKERY
39.7178437,2.9113202,,Point,18.4119526395,SHOP_COMPUTER
39.7181676,2.9112318,,Point,18.4119526395,SHOP_LAUNDRETTE
51.8366683,10.7928839,,Point,18.4119526395,FOOD_RESTAURANT
47.711734,13.6230598,,Point,18.4119526395,POW_CHRISTIAN
47.3972011,8.4490973,,Point,18.4119526395,SHOP_CLOTHES
50.8370737,12.9176766,,Point,18.4390889146,FOOD_FASTFOOD
47.3969703,8.4477747,,Point,18.4390889146,SHOP_DEPARTMENTSTORE
47.3968071,8.4477987,,Point,18.4390889146,SHOP_CONVENIENCE
47.7118994,13.6243586,,Point,18.4390889146,TOURIST_MEMORIAL
49.8307711,18.2868382,,Point,18.4661853126,HEALTH_PHARMACY
50.6917638,4.2057814,,Point,18.4661853126,TRANSPORT_STATION
50.6917779,4.2056076,,Point,18.4661853126,TRANSPORT_STATION
51.5058623,7.4508817,,Point,18.4661853126,FOOD_RESTAURANT
50.6917535,4.2058358,,Point,18.4932420089,TRANSPORT_STATION
50.6925243,4.2052433,,Point,18.4932420089,FOOD_RESTAURANT
47.7124159,13.6228405,,Point,18.4932420089,HEALTH_DOCTORS
47.7124914,13.6231781,,Point,18.4932420089,FOOD_CAFE
47.7123916,13.6228686,,Point,18.4932420089,SHOP_JEWELRY
50.6923696,4.205644,,Point,18.4932420089,FOOD_CAFE
48.1460035,16.9425064,,Point,18.4932420089,TOURIST_MONUMENT
50.6925552,4.2051921,,Point,18.4932420089,SHOP_BUTCHER
48.1462317,16.9423866,,Point,18.4932420089,EDUCATION_SCHOOL
50.6926316,4.2050412,,Point,18.4932420089,SHOP_CONVENIENCE
48.1462727,16.9425056,,Point,18.4932420089,EDUCATION_SCHOOL
47.7122022,13.6229417,,Point,18.4932420089,FOOD_RESTAURANT
47.7125306,13.6227852,,Point,18.4932420089,SHOP_DEPARTMENTSTORE
47.7122815,13.6229169,,Point,18.4932420089,SHOP_DEPARTMENTSTORE
51.8531577,8.2867372,,Point,18.5202591775,SHOP_CONVENIENCE
43.3879699,-1.6627701,,Point,18.5202591775,SHOP_CLOTHES
48.062615,12.2348154,,Point,18.5202591775,EDUCATION_SCHOOL
51.5055469,7.4514977,,Point,18.5202591775,SHOP_FLORIST
49.9646089,14.0678063,,Point,18.5202591775,TOURIST_CINEMA
48.908778,2.2468732,,Point,18.547236991,FOOD_BAR
43.3856965,-1.6614954,,Point,18.547236991,SHOP_BICYCLE
39.8935759,32.876994,,Point,18.547236991,FOOD_RESTAURANT
48.8555587,16.0547099,,Point,18.547236991,FOOD_RESTAURANT
50.6922155,4.2058173,,Point,18.574175621,SHOP_NEWSPAPER
49.3873908,11.3582509,,Point,18.574175621,FOOD_RESTAURANT
50.6934492,4.202802,,Point,18.574175621,EDUCATION_SCHOOL
49.3072278,12.8411257,,Point,18.6010752377,SHOP_BAKERY
49.9646511,14.0706146,,Point,18.6010752377,AMENITY_POSTOFFICE
49.9642638,14.0694733,,Point,18.6010752377,SPORT_LEISURECENTER
51.5060279,7.4508513,,Point,18.6010752377,HEALTH_PHARMACY
47.7785436,10.6189669,,Point,18.6010752377,FOOD_CAFE
50.8380498,4.406581,,Point,18.6010752377,MONEY_BANK
49.9640292,14.0694706,,Point,18.6279360102,HEALTH_HOSPITAL
48.4590843,10.2769133,,Point,18.6279360102,FOOD_RESTAURANT
44.8534342,-0.5671393,,Point,18.6547581062,SHOP_BICYCLE
43.3382478,3.2149323,,Point,18.6547581062,TOURIST_MUSEUM
47.7102872,13.6215177,,Point,18.6547581062,FOOD_CAFE
53.5585658,13.2679975,,Point,18.6547581062,FOOD_FASTFOOD
47.7104583,13.6215662,,Point,18.6547581062,SHOP_BOOK
44.8533914,-0.5671903,,Point,18.6547581062,FOOD_RESTAURANT
48.9147863,2.2746688,,Point,18.6815416923,SHOP_HAIRDRESSER
47.7102554,13.6218037,,Point,18.6815416923,FOOD_RESTAURANT
49.3882205,11.353984,,Point,18.6815416923,HEALTH_DOCTORS
48.9627985,10.1306328,,Point,18.6815416923,FOOD_RESTAURANT
45.0413192,3.8821551,,Point,18.6815416923,FOOD_BAR
48.9145582,2.2743338,,Point,18.6815416923,HEALTH_PHARMACY
50.2065936,15.8335451,,Point,18.6815416923,EDUCATION_SCHOOL
49.1876367,16.5945033,,Point,18.7082869339,SHOP_SHOES
50.6916881,4.2040064,,Point,18.7082869339,SHOP_CLOTHES
46.9513453,4.2999682,,Point,18.7082869339,FOOD_FASTFOOD
47.3960965,8.4482396,,Point,18.7349939952,FOOD_RESTAURANT
45.0427991,3.8880547,,Point,18.7349939952,SHOP_BAKERY
47.3963738,8.4482025,,Point,18.7349939952,FOOD_RESTAURANT
50.4589533,3.9560081,,Point,18.7349939952,SHOP_DEPARTMENTSTORE
48.0631995,12.2293178,,Point,18.7616630393,EDUCATION_SCHOOL
54.8973421,23.9015185,,Point,18.7616630393,POW_CHRISTIAN
52.0808861,5.1244917,,Point,18.7616630393,FOOD_RESTAURANT
49.1910663,16.5927119,,Point,18.7616630393,POI_CRANE
47.7114686,13.624432,,Point,18.7616630393,AMENITY_POSTOFFICE
47.3970631,8.4477619,,Point,18.7616630393,SHOP_HAIRDRESSER
49.9637774,14.0695432,,Point,18.7616630393,HEALTH_PHARMACY
51.5052756,7.4515052,,Point,18.7616630393,SHOP_SUPERMARKET
39.7180315,2.9115108,,Point,18.7616630393,SHOP_DEPARTMENTSTORE
53.519945,8.1193986,,Point,18.7882942281,AMENITY_COURT
51.9660916,7.6348467,,Point,18.7882942281,LANDUSE_GRASS
49.1908317,16.5927466,,Point,18.7882942281,FOOD_RESTAURANT
51.5060929,7.4513447,,Point,18.7882942281,SHOP_SUPERMARKET
43.427223,6.76709,,Point,18.7882942281,SHOP_BAKERY
53.5202247,8.1198116,,Point,18.7882942281,AMENITY_COURT
49.1873282,16.5941921,,Point,18.8148877222,AMENITY_LIBRARY
48.4591903,10.2762967,,Point,18.8148877222,SHOP_SUPERMARKET
49.1871967,16.5943262,,Point,18.8148877222,FOOD_RESTAURANT
47.4739174,-0.5593535,,Point,18.8148877222,SHOP_HAIRDRESSER
47.4738157,-0.5593935,,Point,18.8148877222,FOOD_BAR
50.6916428,4.2039551,,Point,18.8148877222,SHOP_CLOTHES
53.5220199,8.118758,,Point,18.8148877222,TOURIST_THEATRE
47.0939587,5.4960155,,Point,18.8414436814,SHOP_DEPARTMENTSTORE
47.0938849,5.4961294,,Point,18.8414436814,SHOP_CONVENIENCE
47.0939962,5.4960896,,Point,18.8414436814,SHOP_CLOTHES
47.0942244,5.4958611,,Point,18.8414436814,FOOD_RESTAURANT
47.7121248,13.6241016,,Point,18.8414436814,HEALTH_DENTIST
48.0897875,-4.3301849,,Point,18.8414436814,SHOP_CONVENIENCE
47.0939302,5.4963843,,Point,18.8414436814,FOOD_RESTAURANT
48.0627976,12.2346537,,Point,18.8414436814,FOOD_CAFE
47.0941614,5.4963443,,Point,18.8414436814,MONEY_BANK
47.0939072,5.4963524,,Point,18.8414436814,SHOP_BAKERY
45.8071618,9.0885446,,Point,18.8414436814,AMENITY_PUBLICBUILDING
47.0939216,5.4962187,,Point,18.8414436814,SHOP_BAKERY
47.0940383,5.4964351,,Point,18.8414436814,SHOP_TOBACCO
45.0428865,3.888211,,Point,18.8414436814,ACCOMMO_HOTEL
47.7123956,13.6239625,,Point,18.8414436814,EDUCATION_SCHOOL
48.173773,6.4455534,,Point,18.8414436814,ACCOMMO_HOTEL
48.0641417,12.2335565,,Point,18.8679622641,EDUCATION_NURSERY
39.7180913,2.9113606,,Point,18.8679622641,FOOD_CAFE
47.5670768,9.1033337,,Point,18.8679622641,TRANSPORT_STATION
47.567116,9.1033666,,Point,18.8679622641,TRANSPORT_STATION
48.9086757,2.246946,,Point,18.8679622641,SHOP_DEPARTMENTSTORE
49.6080806,6.5509639,,Point,18.8679622641,FOOD_CAFE
49.1375037,8.9103949,,Point,18.8679622641,TOURIST_MUSEUM
48.9084622,2.2470233,,Point,18.8679622641,SHOP_LAUNDRETTE
51.8538793,8.2856382,,Point,18.8679622641,AMENITY_PUBLICBUILDING
51.4583124,6.9789965,,Point,18.8944436277,FOOD_RESTAURANT
47.4738778,-0.5595187,,Point,18.8944436277,FOOD_CAFE
51.0547878,13.727627,,Point,18.8944436277,FOOD_ICECREAM
47.7129226,13.620655,,Point,18.8944436277,FOOD_CAFE
41.8969515,12.5118208,,Point,18.8944436277,FOOD_ICECREAM
47.3965269,8.4481985,,Point,18.9208879284,SHOP_JEWELRY
49.3076584,12.8413663,,Point,18.9208879284,HEALTH_PHARMACY
49.30776,12.8419769,,Point,18.9208879284,SHOP_LAUNDRETTE
49.308042,12.8419114,,Point,18.9208879284,SHOP_LAUNDRETTE
49.8296438,18.280719,,Point,18.9208879284,SHOP_CLOTHES
49.3076074,12.8417637,,Point,18.9208879284,SHOP_CLOTHES
51.506265,7.4512899,,Point,18.9208879284,FOOD_RESTAURANT
48.1586858,14.0176528,,Point,18.9208879284,AMENITY_FIRESTATION
50.2375216,11.3241655,,Point,18.9208879284,HEALTH_PHARMACY
53.5213777,8.1191232,,Point,18.9208879284,MONEY_BANK
49.1377225,8.9093917,,Point,18.9472953215,FOOD_RESTAURANT
50.69302,4.204696,,Point,18.9472953215,POI_TOWN
49.1871142,16.5946836,,Point,18.9472953215,TRANSPORT_TRAMSTOP
47.3961956,8.4476643,,Point,18.9472953215,AMENITY_POLICE
47.3971469,8.4478017,,Point,18.9472953215,FOOD_CAFE
47.3956477,8.4475082,,Point,18.9472953215,SHOP_DEPARTMENTSTORE
47.3960162,8.4470273,,Point,18.9472953215,AMENITY_POLICE
39.8933642,32.8768149,,Point,18.9472953215,SHOP_DEPARTMENTSTORE
49.1872372,16.5946129,,Point,18.9472953215,TRANSPORT_TRAMSTOP
47.7120756,13.6239834,,Point,18.973665961,HEALTH_DOCTORS
47.3970665,8.4487436,,Point,18.973665961,SHOP_SUPERMARKET
47.3970551,8.4490051,,Point,18.973665961,SHOP_SUPERMARKET
43.3886672,-1.6636555,,Point,18.973665961,FOOD_RESTAURANT
50.111679,11.4579295,,Point,18.973665961,SHOP_FLORIST
47.3961238,8.4470062,,Point,18.973665961,AMENITY_TOWNHALL
39.7178773,2.9111866,,Point,18.973665961,FOOD_RESTAURANT
47.5862966,1.3338997,,Point,18.973665961,FOOD_BAR
50.6915228,4.2033733,,Point,19,SHOP_DIY
50.6915468,4.2038706,,Point,19,SHOP_CLOTHES
50.6913955,4.2038897,,Point,19,MONEY_BANK
50.691226,4.2035359,,Point,19,SHOP_COMPUTER
50.6913071,4.2036177,,Point,19,HEALTH_PHARMACY
50.6913711,4.2036801,,Point,19,SHOP_HAIRDRESSER
50.6914992,4.203813,,Point,19,FOOD_RESTAURANT
50.6917088,4.2035906,,Point,19,SHOP_PHONE
50.8366718,4.4042996,,Point,19,FOOD_RESTAURANT
59.7425831,10.2060738,,Point,19,SHOP_CONVENIENCE
50.6916782,4.2035423,,Point,19,FOOD_RESTAURANT
50.6910591,4.2033556,,Point,19,FOOD_PUB
45.8067459,9.0879377,,Point,19,SHOP_MARKETPLACE
50.691561,4.2034029,,Point,19,SHOP_CLOTHES
50.6916345,4.2034874,,Point,19,SHOP_DEPARTMENTSTORE
58.4132465,15.6308992,,Point,19,TOURIST_MEMORIAL
50.6914837,4.2033291,,Point,19,SHOP_TOYS
48.8560201,16.0545333,,Point,19.0262975904,TOURIST_ART
52.1206852,11.6341115,,Point,19.0262975904,FOOD_RESTAURANT
48.4588524,10.2798053,,Point,19.0262975904,SHOP_MOTORCYCLE
53.5199486,8.119345,,Point,19.0262975904,AMENITY_COURT
39.7193244,2.9119183,,Point,19.0262975904,AMENITY_PUBLICBUILDING
50.663807,17.9237253,,Point,19.0262975904,ACCOMMO_HOTEL
50.6927389,4.2054185,,Point,19.0525588833,FOOD_RESTAURANT
47.3972291,8.448187,,Point,19.0525588833,FOOD_RESTAURANT
52.6322706,-1.1215936,,Point,19.0525588833,POW_ISLAMIC
52.6322472,-1.1216434,,Point,19.0525588833,POW_ISLAMIC
46.8523643,9.5291779,,Point,19.0525588833,SHOP_CLOTHES
47.3973439,8.4484058,,Point,19.0525588833,MONEY_BANK
41.8970001,12.511915,,Point,19.0787840283,FOOD_RESTAURANT
45.0439677,3.8881568,,Point,19.1049731745,LANDUSE_GRASS
50.8301087,6.9110416,,Point,19.1049731745,TOURIST_MEMORIAL
47.7106618,13.6214515,,Point,19.1049731745,SHOP_DEPARTMENTSTORE
46.8946595,8.2469643,,Point,19.1311264697,AMENITY_PUBLICBUILDING
54.135879,10.6138284,,Point,19.1311264697,SHOP_HAIRDRESSER
54.1363319,10.6147671,,Point,19.1311264697,SHOP_BAKERY
46.0669722,6.3080259,,Point,19.1311264697,FOOD_RESTAURANT
50.4588753,3.9559791,,Point,19.1311264697,FOOD_BAR
50.691571,4.2071765,,Point,19.1311264697,SHOP_SHOES
49.9629102,14.0699226,,Point,19.1311264697,FOOD_RESTAURANT
50.6936345,4.2016909,,Point,19.1311264697,AMENITY_COURT
47.616596,7.6623632,,Point,19.1311264697,FOOD_RESTAURANT
54.1362877,10.6146062,,Point,19.1311264697,SHOP_FLORIST
54.1358674,10.6141986,,Point,19.1311264697,SHOP_BOOK
48.122641,-1.216451,,Point,19.1311264697,POW_CHRISTIAN
47.7129549,13.62104,,Point,19.1311264697,SHOP_CLOTHES
51.5312089,-0.2239394,,Point,19.1311264697,POW_CHRISTIAN
50.4589199,3.9559912,,Point,19.1311264697,SHOP_HAIRDRESSER
48.9631418,10.130344,,Point,19.1572440607,SHOP_BUTCHER
46.8946173,8.2474163,,Point,19.1572440607,TRANSPORT_STATION
54.1360862,10.6141188,,Point,19.1572440607,SHOP_FLORIST
43.3900461,-1.6608036,,Point,19.1572440607,SHOP_BOOK
47.7116076,13.6235987,,Point,19.1572440607,SHOP_DEPARTMENTSTORE
47.7115299,13.6239333,,Point,19.1572440607,POI_TOWN
43.3898999,-1.6616068,,Point,19.1572440607,ACCOMMO_HOTEL
47.7118788,13.6240926,,Point,19.1572440607,LANDUSE_GRASS
47.7110199,13.6226653,,Point,19.1833260933,SHOP_CLOTHES
53.3232597,-6.2499631,,Point,19.1833260933,FOOD_RESTAURANT
49.3880734,11.3593474,,Point,19.1833260933,HEALTH_DOCTORS
39.7179235,2.9111126,,Point,19.1833260933,FOOD_FASTFOOD
47.7113459,13.6228729,,Point,19.1833260933,MONEY_BANK
43.3900216,-1.660235,,Point,19.1833260933,FOOD_FASTFOOD
47.7120217,13.6234855,,Point,19.1833260933,MONEY_BANK
54.1359016,10.6144722,,Point,19.1833260933,HEALTH_PHARMACY
49.1910998,16.592013,,Point,19.1833260933,SHOP_DEPARTMENTSTORE
46.0662541,6.308816,,Point,19.1833260933,FOOD_FASTFOOD
47.7106124,13.621797,,Point,19.1833260933,SHOP_CLOTHES
45.0424466,3.8811797,,Point,19.2093727123,FOOD_RESTAURANT
48.5857685,7.7628901,,Point,19.2093727123,MONEY_BANK
47.3964439,8.4486041,,Point,19.2353840617,SHOP_DIY
50.6909118,4.203717,,Point,19.2353840617,EDUCATION_SCHOOL
50.6063022,3.3850398,,Point,19.2353840617,FOOD_RESTAURANT
47.262298,8.8501541,,Point,19.2353840617,AMENITY_PUBLICBUILDING
47.7110773,13.621157,,Point,19.2353840617,FOOD_RESTAURANT
52.5035652,9.4608774,,Point,19.2353840617,FOOD_PUB
59.7427968,10.2058597,,Point,19.2353840617,SHOP_SUPERMARKET
50.6912273,4.205867,,Point,19.2613602843,FOOD_FASTFOOD
46.1031362,7.0750471,,Point,19.2613602843,AMENITY_LIBRARY
50.6069616,3.3851442,,Point,19.2613602843,TOURIST_MEMORIAL
47.7120809,13.6225008,,Point,19.2613602843,FOOD_CAFE
47.711331,13.6223658,,Point,19.2613602843,SHOP_CONFECTIONERY
47.4407802,11.2603902,,Point,19.2613602843,SHOP_SUPERMARKET
49.1848248,6.9024215,,Point,19.2613602843,EDUCATION_SCHOOL
47.4409299,11.2603942,,Point,19.2613602843,HEALTH_PHARMACY
47.44086,11.2603915,,Point,19.2613602843,SHOP_CLOTHES
47.7112062,13.6224812,,Point,19.2613602843,SHOP_CONVENIENCE
47.7131128,13.6210482,,Point,19.2613602843,SHOP_DEPARTMENTSTORE
47.7108645,13.6218323,,Point,19.2613602843,FOOD_CAFE
48.8972199,2.395257,,Point,19.2613602843,SHOP_DIY
47.7107776,13.6217775,,Point,19.2613602843,SHOP_CONVENIENCE
48.908816,2.247078,,Point,19.287301522,FOOD_RESTAURANT
53.5578553,13.2677297,,Point,19.287301522,FOOD_RESTAURANT
41.8971355,12.5121463,,Point,19.287301522,FOOD_CAFE
46.8946521,8.2473694,,Point,19.287301522,TOURIST_INFORMATION
50.6929061,4.20494,,Point,19.287301522,SHOP_DEPARTMENTSTORE
46.8948922,8.2468262,,Point,19.287301522,SHOP_HAIRDRESSER
53.3233007,-6.2500808,,Point,19.287301522,FOOD_PUB
50.692856,4.205065,,Point,19.287301522,FOOD_RESTAURANT
17.0750562,-96.7131866,,Point,12.2474487139,SHOP_CARREPAIR
17.0750417,-96.7130927,,Point,12.4899959968,HEALTH_PHARMACY
17.074909,-96.713319,,Point,12.4899959968,FOOD_RESTAURANT
46.8163543,-71.2139676,,Point,12.7671453348,FOOD_PUB
34.8459125,-82.402029,,Point,12.8452325787,SHOP_BICYCLE
45.5589349,-122.6460266,,Point,12.9614813968,SHOP_MUSIC
46.8163507,-71.2137589,,Point,13,FOOD_RESTAURANT
42.2827967,-83.7515731,,Point,13.0384048104,SHOP_CARREPAIR
17.0750144,-96.7128787,,Point,13.0766968306,SHOP_SUPERMARKET
45.5591975,-122.6460054,,Point,13.1148770486,SHOP_DEPARTMENTSTORE
34.1417632,-118.1484188,,Point,13.2664991614,SHOP_ALCOHOL
45.5592304,-122.644705,,Point,13.4536240471,SHOP_PET
17.0750465,-96.7128247,,Point,13.6014705087,EDUCATION_SCHOOL
45.5589309,-122.6451478,,Point,13.9283882772,FOOD_BAR
45.5592085,-122.6425732,,Point,14,SPORT_LEISURECENTER
34.1419849,-118.1482104,,Point,14.1421356237,TRANSPORT_STATION
45.5591306,-122.6449384,,Point,14.2478068488,POI_HAMLET
42.283221,-83.7511165,,Point,14.4568322948,SHOP_DEPARTMENTSTORE
44.4743114,-73.2141058,,Point,14.8323969742,HEALTH_HOSPITAL
37.7643374,-122.4144138,,Point,14.8660687473,POI_CRANE
46.8025013,-71.2239499,,Point,14.9331845231,TOURIST_MONUMENT
44.227856,-76.4797355,,Point,15,ACCOMMO_HOTEL
44.4744446,-73.214095,,Point,15,SHOP_HAIRDRESSER
44.4749797,-73.2106321,,Point,15.1327459504,HEALTH_HOSPITAL
49.2599606,-123.1013159,,Point,15.1657508881,SHOP_DEPARTMENTSTORE
44.4760482,-73.2162411,,Point,15.3622914957,ACCOMMO_HOTEL
46.8026017,-71.223696,,Point,15.5563491861,POW_CHRISTIAN
46.8019446,-71.2237383,,Point,15.5563491861,TOURIST_MONUMENT
46.8015589,-71.2253759,,Point,15.5563491861,ACCOMMO_HOTEL
46.8028165,-71.2222683,,Point,15.6204993518,ACCOMMO_HOTEL
46.802821,-71.2230692,,Point,15.7162336455,ACCOMMO_HOTEL
45.5592464,-122.6442128,,Point,15.7797338381,SHOP_DEPARTMENTSTORE
37.787133,-122.4314635,,Point,16,SHOP_VENDINGMASCHINE
49.2636406,-123.120416,,Point,16.0623784042,ACCOMMO_HOTEL
45.5154979,-122.6277655,,Point,16.0934769394,POW_CHRISTIAN
34.8465692,-82.4026072,,Point,16.1245154966,FOOD_RESTAURANT
43.645883,-79.4097607,,Point,16.2172747402,SHOP_DEPARTMENTSTORE
39.1131735,-84.5175345,,Point,16.2788205961,SHOP_SHOES
45.5589258,-122.6440251,,Point,16.2788205961,FOOD_FASTFOOD
45.55923,-122.6440296,,Point,16.3095064303,FOOD_RESTAURANT
45.5592303,-122.6441227,,Point,16.3095064303,FOOD_ICECREAM
45.5589262,-122.6441221,,Point,16.3095064303,FOOD_RESTAURANT
17.0727473,-96.7134448,,Point,16.4316767252,SHOP_CONVENIENCE
38.9154714,-77.0460216,,Point,16.4620776332,SPORT_GYMNASIUM
37.7717188,-122.4227275,,Point,16.4620776332,SHOP_CONVENIENCE
39.9490091,-75.1745758,,Point,16.4924225025,POW_CHRISTIAN
43.6459732,-79.4096417,,Point,16.4924225025,FOOD_ICECREAM
43.6458408,-79.4101483,,Point,16.4924225025,FOOD_FASTFOOD
37.7866375,-122.4298727,,Point,16.5227116419,SHOP_GREENGROCER
37.7866101,-122.430236,,Point,16.5227116419,ACCOMMO_HOTEL
43.6461662,-79.4097642,,Point,16.5529453572,FOOD_CAFE
46.8757259,-96.7900371,,Point,16.5529453572,SHOP_BICYCLE
37.7860383,-122.4300391,,Point,16.5529453572,FOOD_RESTAURANT
48.4261538,-123.3712459,,Point,16.6733320005,TRANSPORT_TERMINAL
49.2631186,-123.1180776,,Point,16.6733320005,SHOP_BOOK
49.2630977,-123.1196495,,Point,16.7032930885,SHOP_PHONE
37.7717988,-122.4227275,,Point,16.7032930885,SHOP_DEPARTMENTSTORE
49.260646,-123.117268,,Point,16.7032930885,SHOP_SUPERMARKET
43.6460866,-79.4100588,,Point,16.7332005307,SHOP_JEWELRY
43.6458229,-79.4100064,,Point,16.7332005307,FOOD_CAFE
49.260893,-123.116959,,Point,16.7928556237,SHOP_ALCOHOL
43.6460488,-79.4102452,,Point,16.8226038413,SHOP_SHOES
49.2634372,-123.1194188,,Point,16.8819430161,FOOD_FASTFOOD
49.2634251,-123.1189741,,Point,16.8819430161,SHOP_DEPARTMENTSTORE
45.5118176,-122.6207285,,Point,16.8819430161,SHOP_SUPERMARKET
43.6460825,-79.410113,,Point,16.9410743461,SHOP_CLOTHES
39.1132544,-84.5164234,,Point,16.9410743461,POW_CHRISTIAN
39.9486275,-75.1740159,,Point,16.9705627485,FOOD_RESTAURANT
37.785837,-122.429982,,Point,17,FOOD_RESTAURANT
46.8041135,-71.2198509,,Point,17.0880074906,ACCOMMO_HOTEL
17.0596088,-96.7187709,,Point,17.1172427686,SHOP_DEPARTMENTSTORE
40.7499248,-73.9991401,,Point,17.2046505341,SHOP_SUPERMARKET
37.78564,-122.4302214,,Point,17.2046505341,FOOD_BAR
42.4602614,-83.1398029,,Point,17.2626765016,SHOP_LAUNDRETTE
42.4602826,-83.1398797,,Point,17.2626765016,SHOP_HAIRDRESSER
38.9127851,-77.0401462,,Point,17.3205080757,POI_EMBASSY
19.4109842,-99.1681606,,Point,17.378147197,SHOP_DEPARTMENTSTORE
37.7856066,-122.4304623,,Point,17.378147197,FOOD_RESTAURANT
39.1131693,-84.5178698,,Point,17.4642491966,FOOD_RESTAURANT
19.4107597,-99.1681624,,Point,17.5214154679,FOOD_RESTAURANT
49.2867853,-123.1378485,,Point,17.5783958312,EDUCATION_SCHOOL
42.4607244,-83.1370401,,Point,17.5783958312,SHOP_DEPARTMENTSTORE
43.6468662,-79.4099943,,Point,17.5783958312,POW_CHRISTIAN
42.4607119,-83.1371391,,Point,17.5783958312,FOOD_RESTAURANT
49.2870402,-123.1382769,,Point,17.6351920885,EDUCATION_SCHOOL
38.913333,-77.0394569,,Point,17.6635217327,ACCOMMO_HOTEL
17.059597,-96.7187154,,Point,17.691806013,SHOP_DEPARTMENTSTORE
19.4115494,-99.1662347,,Point,17.7482393493,SHOP_DEPARTMENTSTORE
19.4118426,-99.1676685,,Point,17.8605710995,FOOD_RESTAURANT
39.9482833,-75.1744332,,Point,17.8605710995,FOOD_RESTAURANT
45.5372573,-73.6021744,,Point,17.8605710995,SHOP_CONVENIENCE
39.9508443,-75.1754925,,Point,17.9164728672,SHOP_PET
37.7849537,-122.4321716,,Point,17.9443584449,FOOD_BAR
34.0843661,-118.3853217,,Point,18.0554700853,FOOD_BAR
39.9485669,-75.157268,,Point,18.0554700853,FOOD_RESTAURANT
34.0843389,-118.3853879,,Point,18.0554700853,HEALTH_PHARMACY
49.2604633,-123.1367221,,Point,18.08314132,POW_CHRISTIAN
19.4116535,-99.1677287,,Point,18.08314132,FOOD_CAFE
20.9673985,-89.6259725,,Point,18.1383571472,SHOP_CONVENIENCE
45.5368178,-73.6022245,,Point,18.1659021246,SHOP_ALCOHOL
43.5453253,-96.7265971,,Point,18.1934053987,SHOP_MOTORCYCLE
19.4108215,-99.1677064,,Point,18.1934053987,SHOP_CONVENIENCE
19.4111836,-99.1679477,,Point,18.2208671583,SHOP_DEPARTMENTSTORE
19.4162719,-99.1690517,,Point,18.2208671583,FOOD_RESTAURANT
37.7850911,-122.4313041,,Point,18.2482875909,SHOP_SUPERMARKET
19.4118463,-99.1674048,,Point,18.2482875909,FOOD_RESTAURANT
34.8535085,-82.3956844,,Point,18.2756668825,FOOD_RESTAURANT
45.5116191,-73.577475,,Point,18.2756668825,LANDUSE_GRASS
45.5376837,-73.6017359,,Point,18.3030052177,FOOD_BAR
19.416269,-99.169187,,Point,18.3030052177,FOOD_BAR
45.5378025,-73.6016636,,Point,18.3030052177,SHOP_BAKERY
40.2676924,-76.8871994,,Point,18.3303027798,SHOP_HAIRDRESSER
40.2675613,-76.8876844,,Point,18.3303027798,FOOD_RESTAURANT
40.2676239,-76.8877181,,Point,18.3303027798,SHOP_CLOTHES
43.5453752,-96.7265989,,Point,18.3575597507,SHOP_CLOTHES
43.5454396,-96.7266027,,Point,18.3847763109,FOOD_BAR
43.5455003,-96.7266032,,Point,18.3847763109,FOOD_RESTAURANT
19.4107083,-99.1671733,,Point,18.4119526395,HEALTH_PHARMACY
19.4115972,-99.1660988,,Point,18.4119526395,FOOD_FASTFOOD
45.5364998,-73.602548,,Point,18.4390889146,SHOP_BAKERY
34.0447385,-118.2584771,,Point,18.4390889146,ACCOMMO_HOTEL
40.7442421,-73.9235051,,Point,18.4390889146,SHOP_BUTCHER
17.0614971,-96.7173978,,Point,18.4661853126,SHOP_DEPARTMENTSTORE
19.4486447,-99.1535845,,Point,18.4661853126,SHOP_CAR
43.5457086,-96.7266018,,Point,18.5202591775,SHOP_CLOTHES
39.1098417,-84.5185149,,Point,18.574175621,TRANSPORT_TRAMSTOP
45.5370244,-73.6020632,,Point,18.574175621,SHOP_BICYCLE
40.267877,-76.8873525,,Point,18.574175621,FOOD_RESTAURANT
48.4221345,-123.3607072,,Point,18.574175621,LANDUSE_GRASS
19.447331,-99.1534997,,Point,18.6010752377,SHOP_SUPERMARKET
19.4155756,-99.1695627,,Point,18.7082869339,FOOD_RESTAURANT
48.4218862,-123.3638609,,Point,18.7082869339,LANDUSE_GRASS
40.7442259,-73.9233847,,Point,18.7082869339,SHOP_CONVENIENCE
38.911922,-77.048589,,Point,18.8148877222,POI_EMBASSY
19.447602,-99.1532966,,Point,18.8414436814,ACCOMMO_HOTEL
38.9165229,-77.0452084,,Point,18.8679622641,ACCOMMO_HOTEL
19.4098492,-99.1688982,,Point,18.9208879284,LANDUSE_GRASS
42.4631557,-83.1358171,,Point,18.9472953215,SHOP_CONFECTIONERY
42.4630978,-83.135774,,Point,18.9472953215,FOOD_RESTAURANT
19.2875671,-99.6621317,,Point,18.973665961,SHOP_SUPERMARKET
32.7155944,-117.1569278,,Point,18.973665961,POW_UNKOWN
19.410272,-99.1667154,,Point,19,SHOP_CLOTHES
40.7442007,-73.9230967,,Point,19.0525588833,FOOD_RESTAURANT
38.9164565,-77.0448983,,Point,19.1311264697,ACCOMMO_HOTEL
40.7625588,-73.9263449,,Point,19.1572440607,SHOP_SUPERMARKET
40.2632194,-76.8834642,,Point,19.1572440607,TOURIST_MONUMENT
40.7443134,-73.9240167,,Point,19.1833260933,FOOD_RESTAURANT
40.2629537,-76.8845796,,Point,19.1833260933,POW_CHRISTIAN
40.7155326,-73.9434328,,Point,19.2353840617,EDUCATION_SCHOOL
20.5924148,-100.3888652,,Point,19.2353840617,SHOP_HAIRDRESSER
40.2669775,-76.8868644,,Point,19.287301522,SHOP_HAIRDRESSER
37.7858321,-122.4287697,,Point,19.3390796058,FOOD_RESTAURANT
19.4155227,-99.1690322,,Point,19.4164878389,SHOP_DEPARTMENTSTORE
40.762484,-73.926221,,Point,19.4935886896,FOOD_RESTAURANT
20.5906285,-100.3887274,,Point,19.5192212959,POW_CHRISTIAN
19.4190448,-99.1678789,,Point,19.5703857908,MONEY_BANK
43.5461734,-96.7291685,,Point,19.6214168703,TOURIST_NIGHTCLUB
21.0195381,-101.2592327,,Point,19.6468827044,SHOP_CONVENIENCE
21.0185954,-101.2595446,,Point,19.6723155729,SHOP_CLOTHES
40.7621666,-73.9254791,,Point,19.7230829233,FOOD_RESTAURANT
19.4177974,-99.1685704,,Point,19.7230829233,MONEY_BANK
40.74406,-73.923508,,Point,19.7230829233,FOOD_FASTFOOD
40.7622385,-73.9254304,,Point,19.7230829233,SHOP_BAKERY
40.7440544,-73.9224422,,Point,19.7484176581,FOOD_RESTAURANT
40.7624689,-73.925272,,Point,19.7737199333,SHOP_CONVENIENCE
40.4286982,-79.9764679,,Point,19.7737199333,SHOP_KIOSK
40.4283708,-79.9765349,,Point,19.7737199333,SHOP_DEPARTMENTSTORE
40.4283763,-79.9766352,,Point,19.7737199333,FOOD_FASTFOOD
38.9053977,-77.056874,,Point,19.7989898732,FOOD_RESTAURANT
40.4287601,-79.9770424,,Point,19.7989898732,SHOP_HAIRDRESSER
40.4288342,-79.9771569,,Point,19.7989898732,TOURIST_NIGHTCLUB
40.7623605,-73.9258529,,Point,19.8997487421,FOOD_CAFE
43.2603525,-79.8738059,,Point,19.8997487421,FOOD_RESTAURANT
40.7623833,-73.9259835,,Point,19.9248588452,FOOD_FASTFOOD
34.041511,-118.2547151,,Point,19.9499373433,SHOP_SHOES
40.7622318,-73.9256493,,Point,19.9749843554,FOOD_RESTAURANT
48.4222787,-123.3619764,,Point,19.9749843554,AMENITY_COURT
40.2614628,-76.8844053,,Point,20,FOOD_RESTAURANT
34.0449104,-118.2586047,,Point,20.0249843945,FOOD_RESTAURANT
40.4287688,-79.9768798,,Point,20.0499376558,FOOD_RESTAURANT
40.4287293,-79.9768025,,Point,20.0499376558,FOOD_BAR
40.4282932,-79.9768055,,Point,20.0499376558,FOOD_RESTAURANT
40.7451735,-73.92194,,Point,20.0748598999,SHOP_BUTCHER
40.7423455,-73.9541534,,Point,20.0997512422,LANDUSE_GRASS
38.9516857,-92.3263121,,Point,20.0997512422,FOOD_RESTAURANT
40.7423274,-73.9541175,,Point,20.0997512422,SHOP_BICYCLE
40.7425569,-73.953817,,Point,20.0997512422,FOOD_RESTAURANT
19.3940435,-99.1761699,,Point,20.1246117975,SHOP_MUSIC
19.4182849,-99.167603,,Point,20.1246117975,MONEY_BANK
38.9517577,-92.3261457,,Point,20.1742410018,SHOP_PHONE
38.9516566,-92.3260076,,Point,20.1742410018,SHOP_BAKERY
38.9516536,-92.3260792,,Point,20.1742410018,FOOD_BAR
38.951656,-92.3258758,,Point,20.1742410018,FOOD_FASTFOOD
41.7726477,-88.1456163,,Point,20.1990098767,SHOP_BOOK
21.0188363,-101.2595444,,Point,20.1990098767,MONEY_BANK
40.7624071,-73.925431,,Point,20.2237484162,FOOD_BAR
38.9961275,-77.0301716,,Point,20.2237484162,FOOD_RESTAURANT
21.0185738,-101.259605,,Point,20.2237484162,ACCOMMO_HOTEL
40.7427545,-73.9518864,,Point,20.2484567313,FOOD_RESTAURANT
19.3912995,-99.1770549,,Point,20.2484567313,FOOD_CAFE
40.761971,-73.9247951,,Point,20.2484567313,FOOD_CAFE
40.761957,-73.924953,,Point,20.2484567313,MONEY_BANK
40.7440483,-73.9236513,,Point,20.2731349327,FOOD_RESTAURANT
40.7622254,-73.9255323,,Point,20.2731349327,FOOD_RESTAURANT
39.3323942,-76.635635,,Point,20.2977831302,SHOP_TOBACCO
49.2767054,-123.1120068,,Point,20.2977831302,SPORT_FOOTBALL
49.1710207,-123.139394,,Point,20.3469899494,FOOD_RESTAURANT
40.7427177,-73.9541132,,Point,20.3960780544,TRANSPORT_SUBWAY
40.7624754,-73.9267438,,Point,20.4450483003,SHOP_SUPERMARKET
38.9516919,-92.3266359,,Point,20.4450483003,TOURIST_NIGHTCLUB
38.9524506,-92.3277866,,Point,20.4694894905,FOOD_RESTAURANT
40.742966,-73.952148,,Point,20.4694894905,SHOP_LAUNDRETTE
38.9516857,-92.3267076,,Point,20.4694894905,FOOD_RESTAURANT
38.9524384,-92.3279859,,Point,20.4694894905,SHOP_CONFECTIONERY
19.3935415,-99.1761612,,Point,20.4694894905,FOOD_RESTAURANT
43.2602275,-79.8736771,,Point,20.4939015319,FOOD_FASTFOOD
40.7451274,-73.9213371,,Point,20.4939015319,SHOP_ALCOHOL
40.7449648,-73.9213586,,Point,20.5182845287,FOOD_RESTAURANT
40.761977,-73.925001,,Point,20.6155281281,MONEY_BANK
19.4156395,-99.1731038,,Point,20.6397674406,AMENITY_POSTOFFICE
48.7521432,-122.4745698,,Point,20.6397674406,SHOP_SUPERMARKET
40.743943,-73.9228755,,Point,20.6397674406,FOOD_RESTAURANT
40.7451888,-73.9198546,,Point,20.6639783198,SHOP_SUPERMARKET
19.3911773,-99.1769821,,Point,20.6639783198,FOOD_RESTAURANT
40.744081,-73.924048,,Point,20.6881608656,FOOD_RESTAURANT
20.6317379,-87.074958,,Point,20.6881608656,FOOD_FASTFOOD
40.744115,-73.924037,,Point,20.6881608656,FOOD_CAFE
40.7489704,-73.8905808,,Point,20.6881608656,SHOP_DEPARTMENTSTORE
39.9537177,-75.1582743,,Point,20.7364413533,SHOP_VENDINGMASCHINE
20.5963191,-100.3918259,,Point,20.7364413533,FOOD_BAR
40.7619505,-73.9256567,,Point,20.7364413533,FOOD_RESTAURANT
39.953261,-75.1581206,,Point,20.7364413533,ACCOMMO_HOTEL
40.742767,-73.9525929,,Point,20.7364413533,SHOP_CONVENIENCE
21.018745,-101.2595969,,Point,20.760539492,HEALTH_PHARMACY
21.0187537,-101.2596229,,Point,20.760539492,FOOD_FASTFOOD
40.7615539,-73.9261106,,Point,20.7846096908,HEALTH_PHARMACY
39.1131973,-84.5134502,,Point,20.7846096908,POI_HAMLET
38.9051257,-77.056887,,Point,20.7846096908,SHOP_BICYCLE
40.7428052,-73.9539165,,Point,20.7846096908,FOOD_RESTAURANT
40.7438673,-73.9217442,,Point,20.832666656,TOURIST_CINEMA
38.9517016,-92.3269704,,Point,20.832666656,FOOD_RESTAURANT
38.9521799,-92.327852,,Point,20.8566536146,TOURIST_THEATRE
38.9965533,-77.0280847,,Point,20.8806130178,MONEY_BANK
37.799314,-122.4223108,,Point,20.8806130178,FOOD_CAFE
19.4149838,-99.1721568,,Point,20.8806130178,FOOD_CAFE
40.7484919,-73.970413,,Point,20.8806130178,LANDUSE_GRASS
19.4095701,-99.1689975,,Point,20.8806130178,SHOP_SUPERMARKET
40.7627634,-73.9266194,,Point,20.9045449604,FOOD_RESTAURANT
43.0351729,-87.9027463,,Point,20.9045449604,HEALTH_HOSPITAL
19.3946523,-99.1759263,,Point,20.9523268398,ACCOMMO_HOTEL
38.9951251,-77.0302077,,Point,20.9523268398,FOOD_FASTFOOD
45.5235175,-73.555237,,Point,20.9523268398,POW_CHRISTIAN
40.2639763,-76.8859666,,Point,20.9761769634,POW_CHRISTIAN
37.7994858,-122.4226273,,Point,20.9761769634,SHOP_LAUNDRETTE
40.7427077,-73.9528815,,Point,20.9761769634,MONEY_BANK
40.263699,-76.8863099,,Point,20.9761769634,EDUCATION_SCHOOL
19.3948769,-99.1740961,,Point,21.0237960416,FOOD_CAFE
40.8027944,-73.9689522,,Point,21.0237960416,TOURIST_ATTRACTION
40.7489793,-73.8904909,,Point,21.0475651798,FOOD_FASTFOOD
40.748982,-73.8904638,,Point,21.0475651798,SHOP_CONVENIENCE
19.3948795,-99.1752402,,Point,21.0475651798,SHOP_COMPUTER
40.8028568,-73.9688249,,Point,21.0713075057,TOURIST_MUSEUM
40.7492216,-73.8904716,,Point,21.0713075057,SHOP_SUPERMARKET
20.6199083,-105.2321381,,Point,21.0950231097,FOOD_RESTAURANT
45.5223078,-73.602884,,Point,21.1187120819,FOOD_RESTAURANT
40.7438616,-73.9243851,,Point,21.1187120819,TRANSPORT_SUBWAY
40.7498774,-73.8842113,,Point,21.1187120819,HEALTH_PHARMACY
40.7432387,-73.9534863,,Point,21.1660104885,POW_CHRISTIAN
40.7489734,-73.8905394,,Point,21.1660104885,SHOP_HIFI
40.2641862,-76.8853134,,Point,21.1660104885,FOOD_RESTAURANT
19.3954184,-99.1753904,,Point,21.1896201004,SHOP_SUPERMARKET
19.3935097,-99.1758998,,Point,21.1896201004,SHOP_CONVENIENCE
38.996234,-77.0276493,,Point,21.2132034356,FOOD_RESTAURANT
40.7748551,-73.9773499,,Point,21.2132034356,POW_JEWISH
40.743797,-73.924436,,Point,21.2367605816,TRANSPORT_SUBWAY
40.7438431,-73.9244296,,Point,21.2367605816,TRANSPORT_SUBWAY
19.3954569,-99.1755647,,Point,21.2367605816,MONEY_BANK
40.7435667,-73.9247167,,Point,21.2367605816,SHOP_BAKERY
40.7439838,-73.9231224,,Point,21.2367605816,MONEY_BANK
40.428301,-79.9760979,,Point,21.2602916255,FOOD_RESTAURANT
19.394538,-99.174458,,Point,21.3072757527,TOURIST_THEATRE
20.619869,-105.228662,,Point,21.3307290077,EDUCATION_NURSERY
20.6204418,-105.2307793,,Point,21.3307290077,SHOP_CLOTHES
19.4153424,-99.1725977,,Point,21.3307290077,EDUCATION_SCHOOL
39.9538617,-75.1576712,,Point,21.3541565041,MONEY_BANK
17.0624979,-96.717369,,Point,21.3541565041,EDUCATION_SCHOOL
40.7434372,-73.9237032,,Point,21.3775583264,FOOD_PUB
40.7617832,-73.9256016,,Point,21.3775583264,TRANSPORT_SUBWAY
40.7617758,-73.9255789,,Point,21.3775583264,TRANSPORT_SUBWAY
20.6201033,-105.2312633,,Point,21.3775583264,ACCOMMO_HOTEL
40.7617553,-73.9255183,,Point,21.3775583264,TRANSPORT_SUBWAY
39.9536155,-75.1577529,,Point,21.400934559,SHOP_CONVENIENCE
17.9627168,-102.1944268,,Point,21.4242852856,TRANSPORT_RENTALCAR
49.2869118,-123.1321264,,Point,21.4242852856,TOURIST_MUSEUM
40.74323,-73.951644,,Point,21.4242852856,FOOD_RESTAURANT
38.9949756,-77.0302672,,Point,21.4476105895,FOOD_FASTFOOD
19.3941568,-99.1755041,,Point,21.4476105895,ACCOMMO_HOTEL
40.743502,-73.9536871,,Point,21.4476105895,FOOD_RESTAURANT
40.7438397,-73.9505948,,Point,21.4709105536,FOOD_RESTAURANT
40.743271,-73.95158,,Point,21.5174347914,FOOD_CAFE
40.7436168,-73.9536561,,Point,21.5174347914,HEALTH_PHARMACY
40.8027553,-73.9682218,,Point,21.5174347914,FOOD_RESTAURANT
19.3936439,-99.1757596,,Point,21.5174347914,SHOP_BICYCLE
20.6200874,-105.2304879,,Point,21.5406592285,SHOP_CLOTHES
40.7438049,-73.9215978,,Point,21.5406592285,MONEY_BANK
40.7495253,-73.8841373,,Point,21.5870331449,SHOP_BAKERY
40.7496494,-73.8841407,,Point,21.5870331449,SHOP_DEPARTMENTSTORE
20.6199736,-105.2309205,,Point,21.610182785,SHOP_CLOTHES
20.2142561,-87.4619042,,Point,21.610182785,SHOP_SUPERMARKET
19.4111324,-99.1688038,,Point,21.6333076528,FOOD_CAFE
49.1707572,-123.1347742,,Point,21.6564078277,FOOD_RESTAURANT
40.2643635,-76.8853759,,Point,21.6564078277,FOOD_RESTAURANT
28.5416765,-81.3804158,,Point,21.6794833887,AMENITY_FIRESTATION
45.5220948,-73.6026917,,Point,21.6794833887,SPORT_LEISURECENTER
40.7496716,-73.8839279,,Point,21.6794833887,FOOD_RESTAURANT
40.7494417,-73.8841164,,Point,21.6794833887,FOOD_FASTFOOD
40.7496613,-73.8840033,,Point,21.6794833887,SHOP_CONVENIENCE
40.7512747,-73.8843674,,Point,21.7025344142,EDUCATION_SCHOOL
20.6197231,-105.2321362,,Point,21.7255609824,FOOD_BAR
40.7470885,-73.952815,,Point,21.7485631709,HEALTH_VETERINARY
37.764543,-122.4255265,,Point,21.7485631709,POW_CHRISTIAN
40.7438006,-73.9514397,,Point,21.7485631709,FOOD_RESTAURANT
38.8326002,-104.8189724,,Point,21.7715410571,SHOP_DEPARTMENTSTORE
39.5222911,-119.8158797,,Point,21.7944947177,SHOP_HAIRDRESSER
39.5221648,-119.8158524,,Point,21.7944947177,FOOD_BAR
40.7491612,-73.8840545,,Point,21.7944947177,MONEY_BANK
40.7470196,-73.9528397,,Point,21.8174242293,FOOD_BAR
19.4276416,-99.1709186,,Point,21.8174242293,FOOD_RESTAURANT
28.5442418,-81.3773532,,Point,21.8403296678,EDUCATION_SCHOOL
28.5442974,-81.3773531,,Point,21.8403296678,EDUCATION_SCHOOL
40.7439024,-73.9518601,,Point,21.8860686282,SHOP_DEPARTMENTSTORE
19.4109549,-99.1688289,,Point,21.9544984001,FOOD_CAFE
19.394006,-99.1754848,,Point,21.9544984001,FOOD_RESTAURANT
49.1711735,-123.1358254,,Point,21.9544984001,FOOD_RESTAURANT
19.4275588,-99.1707376,,Point,21.9772609758,FOOD_RESTAURANT
19.4276704,-99.1707701,,Point,21.9772609758,FOOD_CAFE
20.2142342,-87.4591957,,Point,21.9772609758,ACCOMMO_HOSTEL
19.4277863,-99.1704834,,Point,21.9772609758,SHOP_BAKERY
19.4277417,-99.1706399,,Point,21.9772609758,FOOD_CAFE
19.4276307,-99.1705825,,Point,21.9772609758,SHOP_BAKERY
40.7106951,-73.9660366,,Point,22,FOOD_RESTAURANT
49.1712367,-123.1356966,,Point,22,FOOD_CAFE
19.4148639,-99.176429,,Point,22.0227155455,POI_HAMLET
19.3517255,-99.1646959,,Point,22.0227155455,FOOD_FASTFOOD
20.2143079,-87.4592337,,Point,22.045407685,FOOD_RESTAURANT
40.7440264,-73.9524569,,Point,22.0680764907,TOURIST_THEATRE
23.2015528,-106.421721,,Point,22.0907220344,SHOP_SHOES
28.5443182,-81.3779322,,Point,22.0907220344,POW_CHRISTIAN
23.2016031,-106.4217261,,Point,22.0907220344,FOOD_FASTFOOD
49.1708265,-123.136968,,Point,22.0907220344,FOOD_RESTAURANT
23.2014653,-106.4217133,,Point,22.1133443875,SHOP_CLOTHES
44.055652,-121.3093483,,Point,22.1359436212,SHOP_DEPARTMENTSTORE
23.2019538,-106.4219946,,Point,22.1585198062,SHOP_CLOTHES
20.9659585,-89.6240083,,Point,22.1585198062,MONEY_BANK
20.6197487,-105.2302997,,Point,22.1810730128,SHOP_CONVENIENCE
40.7435504,-73.9244699,,Point,22.2261107709,SHOP_GREENGROCER
20.965211,-89.6249306,,Point,22.2485954613,ACCOMMO_HOTEL
20.2113468,-87.4652944,,Point,22.2710574513,ACCOMMO_HOSTEL
40.7467154,-73.9722811,,Point,22.2934968096,POI_EMBASSY
23.2014755,-106.4214546,,Point,22.2934968096,FOOD_RESTAURANT
20.6197038,-105.2309967,,Point,22.2934968096,FOOD_RESTAURANT
20.619743,-105.2312797,,Point,22.2934968096,SHOP_CONVENIENCE
40.7489946,-73.8840359,,Point,22.3159136044,SHOP_SHOES
20.9654013,-89.6248079,,Point,22.3159136044,MONEY_BANK
19.4103125,-99.1697615,,Point,22.3159136044,FOOD_CAFE
20.9658554,-89.6233933,,Point,22.3383079037,FOOD_FASTFOOD
41.4969658,-81.6942642,,Point,22.360679775,FOOD_FASTFOOD
40.7466615,-73.9722753,,Point,22.360679775,SHOP_NEWSPAPER
20.2135531,-87.458853,,Point,22.360679775,FOOD_RESTAURANT
20.6947745,-88.1990903,,Point,22.3830292856,AMENITY_COURT
45.5259441,-122.6988578,,Point,22.4053565024,HEALTH_DENTIST
20.5963295,-100.3927882,,Point,22.4053565024,SHOP_BOOK
19.4141665,-99.166988,,Point,22.4053565024,FOOD_RESTAURANT
45.5225953,-73.6026466,,Point,22.427661492,SHOP_SUPERMARKET
20.2138275,-87.4586879,,Point,22.427661492,ACCOMMO_HOSTEL
23.201946,-106.4214276,,Point,22.4499443206,FOOD_RESTAURANT
40.7434638,-73.9235465,,Point,22.4499443206,MONEY_BANK
41.4969086,-81.6935985,,Point,22.4499443206,TOURIST_CINEMA
40.7106872,-73.9656773,,Point,22.4944437584,FOOD_RESTAURANT
25.6681237,-100.3113894,,Point,22.4944437584,MONEY_BANK
19.4258477,-99.1715696,,Point,22.4944437584,TOURIST_CINEMA
38.9960314,-77.0287445,,Point,22.5166604984,TRANSPORT_FUEL
20.5961282,-100.3938324,,Point,22.5166604984,HEALTH_PHARMACY
19.4278298,-99.170376,,Point,22.5388553392,SHOP_CONVENIENCE
23.2017162,-106.4215106,,Point,22.5388553392,SHOP_CLOTHES
42.0438653,-87.6815433,,Point,22.5388553392,POW_CHRISTIAN
23.2016802,-106.4217349,,Point,22.5388553392,SHOP_SHOES
23.2016011,-106.4215008,,Point,22.5388553392,SHOP_CONFECTIONERY
40.7434514,-73.9239503,,Point,22.5610283454,FOOD_RESTAURANT
40.7434515,-73.923806,,Point,22.5610283454,SHOP_ALCOHOL
17.960783,-102.1911488,,Point,22.5831795813,FOOD_BAR
40.7106766,-73.9655977,,Point,22.5831795813,FOOD_RESTAURANT
28.5448042,-81.3772399,,Point,22.627416998,AMENITY_PUBLICBUILDING
41.4970164,-81.6941352,,Point,22.6495033058,FOOD_FASTFOOD
37.7989098,-122.4225313,,Point,22.6715680975,FOOD_RESTAURANT
41.4970677,-81.6941071,,Point,22.6936114358,FOOD_FASTFOOD
19.4257922,-99.1713031,,Point,22.7156333832,FOOD_RESTAURANT
19.425839,-99.171209,,Point,22.7156333832,MONEY_BANK
20.2130527,-87.4591623,,Point,22.7156333832,ACCOMMO_HOTEL
20.6195685,-105.2312873,,Point,22.7376340018,HEALTH_PHARMACY
23.2010271,-106.4218644,,Point,22.7376340018,POW_CHRISTIAN
23.2010985,-106.4212925,,Point,22.7596133535,SHOP_SUPERMARKET
45.5216513,-73.6017094,,Point,22.803508502,AMENITY_LIBRARY
41.4970972,-81.6941629,,Point,22.803508502,FOOD_FASTFOOD
45.4178339,-75.6898275,,Point,22.825424421,POW_CHRISTIAN
49.1707458,-123.1372362,,Point,22.825424421,HEALTH_PHARMACY
19.3929697,-99.1757938,,Point,22.825424421,FOOD_RESTAURANT
20.9655456,-89.6245561,,Point,22.8473193176,SHOP_CONVENIENCE
19.4101803,-99.1699683,,Point,22.8473193176,FOOD_RESTAURANT
23.2021715,-106.4230561,,Point,22.8691932521,POW_CHRISTIAN
20.2126554,-87.4588724,,Point,22.8910462845,ACCOMMO_HOTEL
20.2124105,-87.4584378,,Point,22.9128784748,HEALTH_PHARMACY
20.2117783,-87.4581885,,Point,22.9128784748,SHOP_SUPERMARKET
20.2123856,-87.4583553,,Point,22.9128784748,FOOD_CAFE
20.2124738,-87.4581384,,Point,22.9128784748,MONEY_BANK
20.2123187,-87.4584387,,Point,22.9128784748,FOOD_CAFE
19.3933142,-99.1734402,,Point,22.9128784748,TOURIST_THEATRE
19.3926097,-99.1731144,,Point,22.9128784748,FOOD_CAFE
20.2121973,-87.4583819,,Point,22.9128784748,FOOD_CAFE
19.3926826,-99.1731685,,Point,22.9128784748,FOOD_FASTFOOD
20.212685,-87.458532,,Point,22.9128784748,HEALTH_PHARMACY
19.3927286,-99.1732493,,Point,22.9346898824,FOOD_RESTAURANT
19.427192,-99.1711012,,Point,22.9564805665,ACCOMMO_HOTEL
19.3917208,-99.172908,,Point,22.9564805665,FOOD_FASTFOOD
40.7434861,-73.9240796,,Point,22.9782505862,SHOP_SUPERMARKET
19.4229933,-99.1687805,,Point,23.0217288664,FOOD_RESTAURANT
40.7447738,-73.9505209,,Point,23.0217288664,FOOD_CAFE
19.4224859,-99.1700151,,Point,23.0217288664,SHOP_BAKERY
19.4144247,-99.1669248,,Point,23.0217288664,FOOD_RESTAURANT
25.6687657,-100.3113592,,Point,23.0434372436,SHOP_MOTORCYCLE
40.7434981,-73.9241525,,Point,23.0434372436,SHOP_CONVENIENCE
40.7435006,-73.9241957,,Point,23.0434372436,FOOD_RESTAURANT
41.496973,-81.6938298,,Point,23.0434372436,FOOD_FASTFOOD
20.6189043,-105.231832,,Point,23.0651251893,FOOD_RESTAURANT
23.2010349,-106.4209798,,Point,23.0651251893,SHOP_PHONE
20.2117468,-87.4579,,Point,23.0867927612,FOOD_RESTAURANT
45.4175561,-75.6902793,,Point,23.0867927612,FOOD_CAFE
19.3920764,-99.1727996,,Point,23.0867927612,FOOD_RESTAURANT
19.4255528,-99.171474,,Point,23.0867927612,SHOP_BICYCLE
40.8008613,-73.9682637,,Point,23.1300670124,FOOD_RESTAURANT
20.2105384,-87.4652765,,Point,23.1300670124,FOOD_RESTAURANT
20.2105999,-87.465234,,Point,23.1300670124,SHOP_CONVENIENCE
45.521889,-73.6018457,,Point,23.1516738056,SHOP_CONVENIENCE
45.5219257,-73.601944,,Point,23.1516738056,SHOP_LAUNDRETTE
20.2121727,-87.4589231,,Point,23.2163735325,FOOD_FASTFOOD
49.286816,-123.1309321,,Point,23.2163735325,ACCOMMO_HOTEL
41.497053,-81.6937472,,Point,23.2379000772,FOOD_FASTFOOD
41.4971064,-81.6937678,,Point,23.2594066992,SHOP_CLOTHES
39.1859021,-96.5728657,,Point,23.2594066992,FOOD_RESTAURANT
41.4970276,-81.6936836,,Point,23.2594066992,FOOD_FASTFOOD
41.4969639,-81.6936927,,Point,23.2594066992,FOOD_FASTFOOD
41.4970282,-81.6938351,,Point,23.2594066992,FOOD_FASTFOOD
23.2024404,-106.4227118,,Point,23.2808934536,FOOD_RESTAURANT
30.2717152,-97.7458906,,Point,23.2808934536,TOURIST_MUSEUM
23.2021764,-106.4218482,,Point,23.2808934536,SHOP_SUPERMARKET
41.4972191,-81.693749,,Point,23.2808934536,SHOP_CLOTHES
39.1849596,-96.5733874,,Point,23.3023603955,SHOP_HAIRDRESSER
49.2872468,-123.132107,,Point,23.3023603955,LANDUSE_GRASS
20.9654797,-89.6234839,,Point,23.3023603955,MONEY_BANK
23.2013069,-106.42059,,Point,23.3238075794,SHOP_SHOES
43.650518,-79.4136736,,Point,23.3238075794,POW_CHRISTIAN
19.389851,-99.1765461,,Point,23.3238075794,SHOP_MARKETPLACE
40.8011187,-73.9682057,,Point,23.3452350599,FOOD_RESTAURANT
49.1699868,-123.1343716,,Point,23.3452350599,FOOD_RESTAURANT
25.6671364,-100.3123269,,Point,23.3452350599,SHOP_CONVENIENCE
20.2096142,-87.4601033,,Point,23.3666428911,LANDUSE_GRASS
51.0498382,-114.0694116,,Point,23.3880311271,ACCOMMO_HOTEL
40.7021593,-74.0149929,,Point,23.3880311271,TOURIST_ATTRACTION
19.3930072,-99.1732204,,Point,23.4093998214,FOOD_RESTAURANT
20.9655425,-89.6241401,,Point,23.4093998214,MONEY_BANK
19.3891191,-99.1760509,,Point,23.4093998214,SHOP_BAKERY
19.3891605,-99.1759453,,Point,23.4093998214,HEALTH_PHARMACY
25.6678404,-100.3119647,,Point,23.4093998214,MONEY_BANK
19.3925123,-99.1730418,,Point,23.4733891886,FOOD_RESTAURANT
40.7431838,-73.9221886,,Point,23.4733891886,TRANSPORT_FUEL
19.3898577,-99.1756071,,Point,23.4946802489,SHOP_SUPERMARKET
19.4247286,-99.1711114,,Point,23.5584379788,AMENITY_POSTOFFICE
20.2121155,-87.4592545,,Point,23.5796522451,FOOD_RESTAURANT
20.2121163,-87.4592806,,Point,23.5796522451,FOOD_RESTAURANT
45.5220046,-73.6020898,,Point,23.6008474424,SHOP_LAUNDRETTE
25.6681658,-100.3118538,,Point,23.6854385647,SHOP_CONVENIENCE
19.3922889,-99.1727055,,Point,23.769728648,FOOD_RESTAURANT
25.6671747,-100.3122349,,Point,23.8117617996,SHOP_DEPARTMENTSTORE
41.4972238,-81.6941629,,Point,23.8117617996,SHOP_GIFT
40.7514705,-73.8839496,,Point,23.8117617996,POW_CHRISTIAN
40.7415053,-73.9239288,,Point,23.8537208838,POW_JEWISH
45.5189886,-73.5717616,,Point,23.8746727726,FOOD_CAFE
20.9653366,-89.6236519,,Point,23.8746727726,SHOP_SHOES
20.6046176,-105.22972,,Point,23.8956062907,SHOP_GREENGROCER
49.1705269,-123.1387041,,Point,23.9165214862,FOOD_RESTAURANT
20.605164,-105.230303,,Point,23.9165214862,EDUCATION_COLLEGE
20.6046264,-105.2300348,,Point,23.9165214862,FOOD_RESTAURANT
20.605164,-105.230303,,Point,23.9165214862,EDUCATION_UNIVERSITY
20.2131595,-87.4575446,,Point,23.9791576166,TRANSPORT_FUEL
20.6045317,-105.2298878,,Point,24,SHOP_GREENGROCER
20.6046246,-105.2299289,,Point,24,SHOP_GREENGROCER
20.9652368,-89.6231489,,Point,24,FOOD_RESTAURANT
20.619163,-105.2311209,,Point,24.0208242989,FOOD_RESTAURANT
43.6386482,-79.3823092,,Point,24.062418831,TOURIST_ART
40.7475764,-73.8841363,,Point,24.062418831,TRANSPORT_SUBWAY
20.6045566,-105.2304058,,Point,24.0831891576,ACCOMMO_HOTEL
19.3930539,-99.174937,,Point,24.0831891576,FOOD_RESTAURANT
39.3304524,-82.0994465,,Point,24.1039415864,POW_CHRISTIAN
43.6387722,-79.3815315,,Point,24.1246761636,LANDUSE_GRASS
40.7075857,-74.0018061,,Point,24.2074368738,FOOD_RESTAURANT
20.2126459,-87.4578297,,Point,24.2280828792,FOOD_FASTFOOD
40.7480546,-73.8838636,,Point,24.248711306,FOOD_FASTFOOD
19.4250043,-99.1706481,,Point,24.269322199,SHOP_BAKERY
40.7430708,-73.9203715,,Point,24.269322199,SHOP_CLOTHES
20.2122746,-87.4575773,,Point,24.289915603,ACCOMMO_HOTEL
40.7429164,-73.9200282,,Point,24.289915603,FOOD_FASTFOOD
25.6676245,-100.3125421,,Point,24.3104915623,SHOP_DEPARTMENTSTORE
43.6385223,-79.3825369,,Point,24.3310501212,FOOD_RESTAURANT
40.7476179,-73.8841432,,Point,24.3515913238,TRANSPORT_SUBWAY
43.638623,-79.3820976,,Point,24.3721152139,TOURIST_THEATRE
20.6045409,-105.2304662,,Point,24.3926218353,FOOD_RESTAURANT
25.6674251,-100.3121866,,Point,24.3926218353,SHOP_BOOK
39.2771059,-76.6125325,,Point,24.3926218353,MONEY_BANK
40.7621979,-73.9110069,,Point,24.4131112315,SHOP_ALCOHOL
20.9652765,-89.6233418,,Point,24.4540385213,SHOP_SUPERMARKET
41.4976527,-81.6947222,,Point,24.474476501,TRANSPORT_SUBWAY
20.9645842,-89.6236976,,Point,24.5153013443,FOOD_RESTAURANT
34.0179626,-118.4935663,,Point,24.5153013443,MONEY_BANK
43.6384685,-79.3825027,,Point,24.5560583156,FOOD_CAFE
25.6679005,-100.3123286,,Point,24.5764114549,MONEY_BANK
20.600817,-105.231864,,Point,24.5967477525,EDUCATION_SCHOOL
41.4972485,-81.694297,,Point,24.6170672502,FOOD_RESTAURANT
40.7669241,-73.9211226,,Point,24.6373699895,SHOP_MARKETPLACE
20.9647976,-89.6236688,,Point,24.7588368063,SHOP_BAKERY
19.3918496,-99.1757141,,Point,24.7790233867,FOOD_CAFE
19.4272069,-99.197651,,Point,24.7991935353,POI_EMBASSY
40.7430458,-73.9198494,,Point,24.819347292,TOURIST_MONUMENT
40.7667684,-73.9207779,,Point,24.819347292,SHOP_BAKERY
40.7667496,-73.9207265,,Point,24.819347292,FOOD_RESTAURANT
40.7666655,-73.9206293,,Point,24.819347292,FOOD_ICECREAM
20.9651588,-89.62375,,Point,24.8394846967,SHOP_CLOTHES
38.9947314,-77.0261588,,Point,24.8596057893,SHOP_ALCOHOL
41.4977732,-81.694698,,Point,24.8596057893,TRANSPORT_SUBWAY
40.7476531,-73.8841681,,Point,24.9399278267,TRANSPORT_SUBWAY
39.2771224,-76.6130842,,Point,24.9599679487,FOOD_RESTAURANT
39.2771178,-76.613163,,Point,24.9599679487,FOOD_RESTAURANT
20.9644153,-89.6237387,,Point,24.9799919936,AMENITY_LIBRARY
25.668699,-100.3117645,,Point,25,FOOD_FASTFOOD
39.2768079,-76.6133327,,Point,25,SHOP_MARKETPLACE
41.4973234,-81.6941461,,Point,25,SHOP_CLOTHES
20.6191143,-105.2304307,,Point,25.0199920064,FOOD_RESTAURANT
45.5190729,-73.5723344,,Point,25.0599281723,FOOD_RESTAURANT
40.6922159,-73.9842844,,Point,25.099800796,SHOP_BICYCLE
43.6389991,-79.3796877,,Point,25.1197133742,TRANSPORT_MARINA
49.2508977,-122.8974117,,Point,25.13961018,SHOP_SUPERMARKET
40.7668872,-73.9210453,,Point,25.13961018,SHOP_CONVENIENCE
20.9643919,-89.6237251,,Point,25.1594912508,FOOD_RESTAURANT
19.3909903,-99.1753866,,Point,25.1594912508,SHOP_CONVENIENCE
32.5275919,-117.0372773,,Point,25.179356624,LANDUSE_GRASS
40.7783444,-73.9463035,,Point,25.1992063367,SPORT_TENNIS
40.7669057,-73.9208832,,Point,25.1992063367,MONEY_BANK
39.2770171,-76.6134377,,Point,25.2190404258,FOOD_CAFE
43.6385358,-79.3802826,,Point,25.2586618806,FOOD_PUB
40.7402989,-73.9236331,,Point,25.2586618806,TOURIST_THEATRE
49.2519216,-122.8960144,,Point,25.2784493195,SHOP_SUPERMARKET
45.5201613,-73.5975048,,Point,25.2784493195,FOOD_FASTFOOD
49.2506688,-122.8967172,,Point,25.2784493195,FOOD_FASTFOOD
20.585132,-100.3924219,,Point,25.2982212813,SHOP_CONVENIENCE
40.7444366,-73.9493576,,Point,25.3179778023,SHOP_HAIRDRESSER
32.5270388,-117.0362146,,Point,25.3377189186,FOOD_RESTAURANT
39.2769596,-76.6138977,,Point,25.3574446662,TOURIST_NIGHTCLUB
32.5266961,-117.0364753,,Point,25.3968501984,POW_ISLAMIC
49.2507952,-122.8964009,,Point,25.4754784057,SHOP_CLOTHES
40.7428404,-73.9200379,,Point,25.4754784057,FOOD_FASTFOOD
20.9649423,-89.6229314,,Point,25.495097568,SHOP_GIFT
43.6384142,-79.3820267,,Point,25.5147016443,TOURIST_ART
20.5875892,-100.3911031,,Point,25.5342906696,FOOD_RESTAURANT
25.6679214,-100.3124629,,Point,25.5734237051,MONEY_BANK
19.4271397,-99.1972146,,Point,25.5734237051,FOOD_RESTAURANT
40.7405051,-73.9232395,,Point,25.6124969497,SHOP_SUPERMARKET
20.588126,-100.3898856,,Point,25.6515106768,HEALTH_PHARMACY
25.6671383,-100.3125108,,Point,25.670995306,SHOP_DEPARTMENTSTORE
19.3899237,-99.1750775,,Point,25.7099202644,TRANSPORT_FUEL
49.2510762,-122.897358,,Point,25.7875939165,FOOD_CAFE
20.9650538,-89.6225724,,Point,25.8069758011,SHOP_SUPERMARKET
45.52011,-73.5973749,,Point,25.8069758011,SHOP_SHOES
32.5278831,-117.035719,,Point,25.8263431403,SHOP_SUPERMARKET
19.3915426,-99.1746948,,Point,25.8456959666,FOOD_RESTAURANT
41.4974033,-81.6941695,,Point,25.8456959666,SHOP_SHOES
20.5871841,-100.3903536,,Point,25.8843582111,SHOP_BAKERY
25.6676096,-100.312724,,Point,25.8843582111,SHOP_DEPARTMENTSTORE
20.587217,-100.3902664,,Point,25.8843582111,SHOP_DEPARTMENTSTORE
40.7421241,-73.918793,,Point,25.903667694,SHOP_SUPERMARKET
19.4272034,-99.1949234,,Point,25.9229627936,ACCOMMO_HOTEL
32.5269844,-117.0358266,,Point,26,FOOD_CAFE
40.7429489,-73.9193416,,Point,26.0192236625,FOOD_RESTAURANT
40.7429652,-73.9194274,,Point,26.0192236625,FOOD_RESTAURANT
40.701907,-74.013942,,Point,26.0192236625,SHOP_BICYCLE
41.4975404,-81.6945659,,Point,26.0384331326,FOOD_RESTAURANT
32.5280796,-117.0342173,,Point,26.0576284416,SHOP_CONVENIENCE
40.7429408,-73.9192343,,Point,26.0576284416,FOOD_BAR
40.7427929,-73.9190218,,Point,26.1151297144,SHOP_PHONE
40.7029472,-74.0157205,,Point,26.1342686907,LANDUSE_GRASS
40.7429164,-73.9190733,,Point,26.1342686907,SHOP_HAIRDRESSER
43.0472611,-87.9147131,,Point,26.1533936612,MONEY_BANK
20.5871354,-100.3904853,,Point,26.1916017074,FOOD_FASTFOOD
39.3297137,-82.0980648,,Point,26.1916017074,POW_CHRISTIAN
32.5266892,-117.0361952,,Point,26.2106848442,SHOP_SUPERMARKET
34.0593669,-118.4449535,,Point,26.2297540972,FOOD_FASTFOOD
34.0593836,-118.4448522,,Point,26.2297540972,FOOD_FASTFOOD
34.0594135,-118.4447466,,Point,26.2297540972,FOOD_CAFE
40.7416632,-73.9206147,,Point,26.2297540972,SHOP_SUPERMARKET
34.0593432,-118.4446809,,Point,26.2297540972,FOOD_FASTFOOD
40.7428814,-73.9190209,,Point,26.2297540972,FOOD_RESTAURANT
45.4299204,-75.6824888,,Point,26.2488094968,HEALTH_PHARMACY
19.4271109,-99.19705,,Point,26.2868788562,TRANSPORT_RENTALCAR
19.3894111,-99.1741571,,Point,26.2868788562,MONEY_BANK
40.7741678,-73.9607524,,Point,26.3058928759,POW_CHRISTIAN
43.6391111,-79.380615,,Point,26.3438797446,TOURIST_ATTRACTION
34.060202,-118.4462382,,Point,26.3438797446,FOOD_RESTAURANT
64.1732675,-51.7336321,,Point,26.3628526529,POI_HAMLET
34.0600033,-118.4465424,,Point,26.3628526529,FOOD_CAFE
34.0600264,-118.4460993,,Point,26.3818119165,FOOD_RESTAURANT
34.0599185,-118.4460044,,Point,26.4007575649,FOOD_RESTAURANT
41.4970498,-81.6930651,,Point,26.4196896272,SHOP_HAIRDRESSER
40.7703765,-73.9537802,,Point,26.5329983228,FOOD_RESTAURANT
32.5267511,-117.0358539,,Point,26.5518360947,FOOD_BAR
43.639176,-79.3830785,,Point,26.5706605112,SHOP_DEPARTMENTSTORE
40.7417784,-73.9197063,,Point,26.6082693913,FOOD_RESTAURANT
38.9928572,-77.0277596,,Point,26.6833281283,SHOP_BICYCLE
40.7416382,-73.9191413,,Point,26.7020598456,FOOD_BAR
34.0593622,-118.4433982,,Point,26.7207784318,TOURIST_MUSEUM
37.8084319,-122.4132357,,Point,26.7394839142,SHOP_DEPARTMENTSTORE
37.8084519,-122.4130954,,Point,26.7394839142,SHOP_HIFI
40.7420998,-73.9196581,,Point,26.7394839142,FOOD_CAFE
37.8084556,-122.4130203,,Point,26.7394839142,SHOP_DEPARTMENTSTORE
20.5875679,-100.3896539,,Point,26.776855678,ACCOMMO_HOTEL
40.8131129,-96.700979,,Point,26.7955220139,FOOD_FASTFOOD
40.7414433,-73.9204708,,Point,26.8514431642,FOOD_FASTFOOD
34.0593257,-118.4451319,,Point,26.8700576851,FOOD_FASTFOOD
19.3896918,-99.1740561,,Point,26.8886593195,FOOD_RESTAURANT
20.5867926,-100.3915131,,Point,26.8886593195,SHOP_CLOTHES
19.3891063,-99.1737469,,Point,26.9258240357,FOOD_RESTAURANT
20.5870808,-100.3909085,,Point,26.9443871706,SHOP_DIY
19.427564,-99.198799,,Point,26.9629375254,SHOP_BICYCLE
40.7707598,-73.9535793,,Point,26.9814751265,SHOP_SUPERMARKET
40.742045,-73.9201683,,Point,26.9814751265,POW_CHRISTIAN
49.2909348,-123.1360437,,Point,27.0185121722,FOOD_RESTAURANT
49.2909208,-123.1365182,,Point,27.0739727414,FOOD_CAFE
41.4977756,-81.694568,,Point,27.0924343683,TRANSPORT_SUBWAY
43.6391227,-79.3822679,,Point,27.1108834235,LANDUSE_GRASS
41.4978638,-81.6946951,,Point,27.1108834235,TRANSPORT_SUBWAY
45.4277325,-75.6806755,,Point,27.1661554144,FOOD_CAFE
20.5870982,-100.3901254,,Point,27.1661554144,HEALTH_PHARMACY
40.7425,-73.9205556,,Point,27.2029410175,AMENITY_POSTOFFICE
32.5286246,-117.03641,,Point,27.2029410175,TOURIST_NIGHTCLUB
20.6038858,-105.2306072,,Point,27.2029410175,FOOD_RESTAURANT
43.6391807,-79.3804053,,Point,27.2213151776,FOOD_CAFE
34.0597347,-118.4450124,,Point,27.2213151776,FOOD_FASTFOOD
40.7705966,-73.9542465,,Point,27.2396769438,HEALTH_PHARMACY
20.587194,-100.3898811,,Point,27.276363394,SHOP_CLOTHES
20.5872224,-100.3897906,,Point,27.276363394,SHOP_NEWSPAPER
34.0596412,-118.4451669,,Point,27.2946881279,FOOD_CAFE
34.0596955,-118.4451035,,Point,27.3130005675,FOOD_ICECREAM
51.0496693,-114.0686025,,Point,27.3678643668,FOOD_RESTAURANT
20.5846042,-100.3918362,,Point,27.4043792121,HEALTH_PHARMACY
19.389812,-99.1740186,,Point,27.4226184016,FOOD_RESTAURANT
40.7408167,-73.9216803,,Point,27.4772633281,AMENITY_LIBRARY
40.74166,-73.922059,,Point,27.5136329844,HEALTH_PHARMACY
20.9637424,-89.6238712,,Point,27.5136329844,SHOP_COPYSHOP
40.7410611,-73.9224695,,Point,27.5680975042,LANDUSE_GRASS
41.4973535,-81.6937772,,Point,27.5680975042,MONEY_BANK
40.7415428,-73.9202645,,Point,27.6043474837,SHOP_ALCOHOL
37.3938709,-122.0797509,,Point,27.6224546339,SHOP_DEPARTMENTSTORE
37.3937164,-122.0793143,,Point,27.6224546339,FOOD_RESTAURANT
37.3939401,-122.0797838,,Point,27.6224546339,FOOD_RESTAURANT
37.3939275,-122.0797209,,Point,27.6224546339,SHOP_HAIRDRESSER
37.3939064,-122.0796563,,Point,27.6224546339,FOOD_RESTAURANT
19.4114034,-99.1696207,,Point,27.6767050062,SHOP_BICYCLE
40.7411457,-73.9211447,,Point,27.6767050062,FOOD_RESTAURANT
37.3936702,-122.0793379,,Point,27.6767050062,FOOD_RESTAURANT
40.741323,-73.9216555,,Point,27.7308492477,FOOD_RESTAURANT
40.6935668,-73.9854464,,Point,27.7848879789,FOOD_RESTAURANT
17.0608668,-96.730864,,Point,27.8208554865,ACCOMMO_HOTEL
40.7698293,-73.9561201,,Point,27.8388218142,POW_CHRISTIAN
37.8768171,-122.2691238,,Point,27.8388218142,FOOD_RESTAURANT
38.9937515,-77.0260305,,Point,27.9105714739,FOOD_CAFE
40.7412744,-73.9189339,,Point,28,FOOD_RESTAURANT
43.6394656,-79.3832433,,Point,28.0356915378,TRANSPORT_TRAMSTOP
37.8767394,-122.2687078,,Point,28.0535202782,FOOD_RESTAURANT
25.66727,-100.3135783,,Point,28.0713376952,SHOP_DEPARTMENTSTORE
40.6937382,-73.9857932,,Point,28.1247222209,EDUCATION_UNIVERSITY
42.0510182,-87.6802595,,Point,28.1247222209,EDUCATION_UNIVERSITY
40.6940542,-73.9857098,,Point,28.2842712475,LANDUSE_GRASS
40.7695646,-73.9554953,,Point,28.3372546306,POW_CHRISTIAN
25.6674766,-100.3132041,,Point,28.3901391332,SHOP_DEPARTMENTSTORE
41.4974117,-81.6933974,,Point,28.4077454227,FOOD_RESTAURANT
40.6938348,-73.9850036,,Point,28.4429253067,FOOD_RESTAURANT
37.3938954,-122.0799725,,Point,28.4780617318,FOOD_BIERGARTEN
37.3933027,-122.0790541,,Point,28.4780617318,FOOD_PUB
37.3934254,-122.0790112,,Point,28.4780617318,FOOD_PUB
19.4275369,-99.1971843,,Point,28.4780617318,POI_EMBASSY
37.3933544,-122.079029,,Point,28.4780617318,FOOD_RESTAURANT
37.3935438,-122.0794149,,Point,28.4780617318,TOURIST_NIGHTCLUB
41.4975291,-81.6941352,,Point,28.4956136976,FOOD_FASTFOOD
37.393258,-122.0791229,,Point,28.4956136976,FOOD_ICECREAM
20.9640283,-89.6225083,,Point,28.4956136976,SHOP_SUPERMARKET
37.3936206,-122.0793589,,Point,28.5131548588,FOOD_RESTAURANT
37.3936588,-122.0794335,,Point,28.5131548588,FOOD_CAFE
20.9635502,-89.6231434,,Point,28.5657137142,SHOP_CONVENIENCE
43.6396054,-79.3833991,,Point,28.7402157264,SHOP_DEPARTMENTSTORE
43.639594,-79.3834656,,Point,28.7402157264,FOOD_FASTFOOD
40.7443991,-73.9065709,,Point,28.7923600978,POW_CHRISTIAN
19.427464,-99.1965386,,Point,28.8963665536,FOOD_RESTAURANT
40.743847,-73.9028276,,Point,29.0172362571,POW_CHRISTIAN
40.7440079,-73.9068183,,Point,29.0516780927,SHOP_LAUNDRETTE
40.7439584,-73.9068416,,Point,29.0516780927,FOOD_RESTAURANT
18.4620184,-97.3951108,,Point,29.1719042916,MONEY_BANK
18.4631868,-97.3942023,,Point,29.1890390387,ACCOMMO_HOTEL
18.4630946,-97.3939799,,Point,29.1890390387,SHOP_SHOES
20.9645242,-89.6209518,,Point,29.206163733,SHOP_SHOES
20.5870204,-100.3894146,,Point,29.2403830344,ACCOMMO_HOTEL
18.4619661,-97.3941844,,Point,29.2574776767,MONEY_BANK
25.6675931,-100.3137358,,Point,29.3087017795,SHOP_CONVENIENCE
18.4621145,-97.3946356,,Point,29.3087017795,FOOD_RESTAURANT
40.6941122,-73.9867868,,Point,29.3257565972,FOOD_CAFE
18.4630371,-97.3920183,,Point,29.3257565972,HEALTH_PHARMACY
18.4625863,-97.3944308,,Point,29.3257565972,TOURIST_CINEMA
43.6393202,-79.3817955,,Point,29.3428015022,FOOD_CAFE
18.4616717,-97.3941793,,Point,29.3598365118,MONEY_BANK
19.4308983,-99.2008152,,Point,29.3768616431,SHOP_SUPERMARKET
37.3923064,-122.0783092,,Point,29.4278779391,FOOD_RESTAURANT
43.6392193,-79.3810431,,Point,29.4448637287,MONEY_BANK
20.585405,-100.3909785,,Point,29.4448637287,HEALTH_PHARMACY
43.6396215,-79.3832847,,Point,29.5127091267,SHOP_LAUNDRETTE
43.6396186,-79.3833309,,Point,29.5127091267,SHOP_HIFI
25.6671753,-100.3153153,,Point,29.5465734054,HEALTH_PHARMACY
40.7447525,-73.9036905,,Point,29.5465734054,HEALTH_PHARMACY
40.7451431,-73.9037584,,Point,29.5972971739,SHOP_GREENGROCER
18.4625788,-97.3941529,,Point,29.6141857899,TOURIST_CINEMA
18.4611881,-97.3942276,,Point,29.6479341607,ACCOMMO_HOTEL
43.6396928,-79.3830883,,Point,29.7825452237,SHOP_CONVENIENCE
43.6396236,-79.3830445,,Point,29.7825452237,SHOP_DEPARTMENTSTORE
18.4587217,-97.3924638,,Point,29.8161030318,HEALTH_PHARMACY
18.4587846,-97.3925284,,Point,29.8328677804,SHOP_CONVENIENCE
37.5677309,-122.3215036,,Point,29.883105595,FOOD_RESTAURANT
43.641528,-79.3770147,,Point,30.0166620396,TRANSPORT_TRAMSTOP
19.4276614,-99.1975664,,Point,30.0499584026,SHOP_DEPARTMENTSTORE
18.4630297,-97.3918796,,Point,30.083217913,FOOD_RESTAURANT
43.6398011,-79.3831862,,Point,30.0998338866,SHOP_CONVENIENCE
25.6673534,-100.31475,,Point,30.1164406928,SHOP_CLOTHES
20.585092,-100.3907738,,Point,30.1164406928,HEALTH_PHARMACY
20.5860226,-100.3892384,,Point,30.166206258,SHOP_CONVENIENCE
43.6395597,-79.3823083,,Point,30.1993377411,TRANSPORT_TRAMSTOP
18.4598356,-97.3941647,,Point,30.1993377411,MONEY_BANK
43.6398554,-79.3832596,,Point,30.2158898595,FOOD_CAFE
18.4629765,-97.3911649,,Point,30.2820078595,FOOD_FASTFOOD
20.9632822,-89.6226379,,Point,30.2985148151,SHOP_CONVENIENCE
20.9630738,-89.6226762,,Point,30.2985148151,SHOP_COPYSHOP
18.4608916,-97.3915617,,Point,30.3315017762,HEALTH_PHARMACY
43.6397452,-79.3826578,,Point,30.3973683071,FOOD_FASTFOOD
18.4628999,-97.3914009,,Point,30.4466746953,SHOP_SHOES
18.4629942,-97.3913907,,Point,30.4466746953,SHOP_CLOTHES
18.4592243,-97.3926298,,Point,30.4630924235,SHOP_BAKERY
20.5878372,-100.3879904,,Point,30.5122926048,POI_CITY
18.4620708,-97.390199,,Point,30.5122926048,POW_CHRISTIAN
18.4628995,-97.3918394,,Point,30.5122926048,SHOP_MOTORCYCLE
43.6400003,-79.3835538,,Point,30.5614135799,SHOP_BICYCLE
18.4629864,-97.3912341,,Point,30.5941170816,SHOP_MOTORCYCLE
18.4608923,-97.3914377,,Point,30.6431068921,HEALTH_PHARMACY
43.6393081,-79.3804665,,Point,30.9515750811,SHOP_ALCOHOL
20.9635887,-89.6215265,,Point,31.0483493925,SHOP_MARKETPLACE
18.4628501,-97.3906953,,Point,31.064449134,SHOP_SUPERMARKET
20.9634106,-89.6220461,,Point,31.0805405358,HEALTH_PHARMACY
40.7446559,-73.9034843,,Point,31.2729915422,FOOD_BAR
18.4599877,-97.3903616,,Point,31.304951685,POI_CITY
18.4608605,-97.390762,,Point,31.4006369362,HEALTH_PHARMACY
18.4607884,-97.390676,,Point,31.4165561448,FOOD_FASTFOOD
34.0172548,-118.4956376,,Point,31.448370387,MONEY_BANK
20.5879226,-100.3878632,,Point,31.496031496,LANDUSE_GRASS
18.4607789,-97.3896439,,Point,31.496031496,FOOD_FASTFOOD
37.876464,-122.269079,,Point,31.5594676761,FOOD_RESTAURANT
20.9641372,-89.6210085,,Point,31.5911379979,SHOP_CONVENIENCE
19.4316334,-99.1923941,,Point,31.7175030543,SHOP_PHONE
40.758697,-73.8330751,,Point,31.7962261912,FOOD_RESTAURANT
20.964022,-89.6210138,,Point,31.7962261912,SHOP_CLOTHES
19.4313705,-99.1923517,,Point,31.8433666562,SHOP_CLOTHES
20.9627791,-89.6219122,,Point,31.9843711834,SHOP_CONVENIENCE
37.5671809,-122.3255712,,Point,32.1714158843,FOOD_CAFE
19.4277916,-99.1975535,,Point,32.3109888428,EDUCATION_NURSERY
34.015378,-118.4979567,,Point,32.4345494805,TOURIST_CINEMA
34.0152876,-118.4978437,,Point,32.5269119346,FOOD_FASTFOOD
19.4281658,-99.1995371,,Point,33.0454232837,POI_EMBASSY
19.4281314,-99.197582,,Point,33.3466640011,ACCOMMO_HOTEL
19.4280348,-99.1931923,,Point,34.10278581,SHOP_CONVENIENCE
45.4211539,-75.7052302,,Point,34.278273002,TOURIST_MEMORIAL
45.418469,-75.7060106,,Point,35.1425667816,ACCOMMO_HOTEL
25.78907,-80.1400886,,Point,35.3270434653,FOOD_BAR
16.7543787,-93.1193431,,Point,35.6370593624,SHOP_SUPERMARKET
16.7500451,-93.1187221,,Point,35.721142199,ACCOMMO_HOTEL
16.7521897,-93.1201305,,Point,36.0832371053,ACCOMMO_HOTEL
16.7495523,-93.1172962,,Point,36.1801050303,ACCOMMO_HOTEL
16.7495302,-93.1170092,,Point,36.4554522671,FOOD_FASTFOOD
16.7516162,-93.1202971,,Point,36.4554522671,ACCOMMO_HOTEL
16.7495415,-93.1172,,Point,36.4965751818,HEALTH_PHARMACY
