lat,lon,Name,comparison
43.8564968,18.4040249,no_name,9.273618495495704
43.8572458,18.402031100000002,no_name,10.488088481701515
47.39072,8.5250097,no_name,10.535653752852738
49.4088391,8.6865694,no_name,10.816653826391969
47.2237407,8.8167481,no_name,10.816653826391969
53.011757700000004,18.601331,no_name,10.862780491200215
48.2322558,16.3580514,no_name,10.862780491200215
47.390094399999995,8.5241814,no_name,10.908712114635714
45.5142107,9.211149,no_name,10.954451150103322
51.0540745,13.725864900000001,no_name,11.045361017187261
47.3600695,8.5215097,no_name,11.090536506409418
49.4094476,8.6872459,no_name,11.090536506409418
47.558685,7.582335400000001,no_name,11.180339887498949
47.5578992,7.5833727,no_name,11.224972160321824
49.4099328,8.6869022,no_name,11.313708498984761
47.9923013,7.8447532,no_name,11.445523142259598
49.746872499999995,13.370382000000001,no_name,11.489125293076057
47.3922599,8.522864300000002,no_name,11.489125293076057
42.698945,23.309278600000003,no_name,11.532562594670797
47.2235914,8.8180655,no_name,11.575836902790225
45.5139108,9.2120341,no_name,11.61895003862225
52.359156899999995,4.909942,no_name,11.61895003862225
51.1118745,17.0532723,no_name,11.61895003862225
42.699492799999994,23.309520300000003,no_name,11.661903789690601
49.4094714,8.6868436,no_name,11.704699910719626
49.4082627,8.6863516,no_name,11.832159566199232
47.362776600000004,8.5539212,no_name,11.832159566199232
47.1933135,-1.5493956,no_name,11.958260743101398
52.2219821,21.0080247,no_name,11.958260743101398
43.6596694,-79.4007353,no_name,11.958260743101398
52.222362,21.007974,no_name,12.0
52.5235181,13.415977300000002,no_name,12.0
49.4087076,8.687366599999999,no_name,12.083045973594572
49.4083484,8.6868698,no_name,12.12435565298214
49.4083921,8.6871353,no_name,12.12435565298214
50.060687200000004,19.944850600000002,no_name,12.165525060596439
49.2589611,4.0243465,no_name,12.165525060596439
47.5582339,7.583458500000001,no_name,12.206555615733702
47.372119500000004,8.5500828,no_name,12.206555615733702
48.259959,16.3675818,no_name,12.206555615733702
48.1529176,11.556098599999999,no_name,12.24744871391589
45.7471153,4.8353768,no_name,12.288205727444508
47.320728100000004,12.796579300000001,no_name,12.288205727444508
45.4493503,9.191231199999999,no_name,12.409673645990857
45.4833257,9.1775287,no_name,12.449899597988733
48.1542761,11.5569054,no_name,12.489995996796797
51.3272098,6.571927400000001,no_name,12.489995996796797
48.1576052,11.5450698,no_name,12.529964086141668
52.51979820000001,13.392626500000002,no_name,12.569805089976535
51.497930600000004,11.9644153,no_name,12.569805089976535
45.426884,4.3881788,no_name,12.609520212918492
47.3800559,8.508566199999999,no_name,12.609520212918492
52.1188597,11.629406699999999,no_name,12.609520212918492
50.0651289,14.443601500000002,no_name,12.649110640673518
45.4267945,4.387668700000001,no_name,12.649110640673518
42.36586320000001,-71.0632885,no_name,12.649110640673518
47.564612200000006,7.598122099999999,no_name,12.649110640673518
47.3931136,8.0521733,no_name,12.68857754044952
48.1541509,11.556852300000001,no_name,12.68857754044952
51.0621963,13.738197400000002,no_name,12.727922061357855
51.4294795,6.771977099999999,no_name,12.727922061357855
47.5828533,12.165961,no_name,12.767145334803704
29.951400800000002,-90.06485140000001,no_name,12.767145334803704
49.408581700000006,8.683311199999999,no_name,12.767145334803704
43.6627691,-79.4010421,no_name,12.767145334803704
47.3651502,8.5285103,no_name,12.806248474865697
48.211574,16.3391679,no_name,12.806248474865697
43.664084,-79.4020776,no_name,12.806248474865697
45.513423100000004,9.2106484,no_name,12.884098726725126
52.22142720000001,21.0072423,no_name,12.96148139681572
51.109895,17.0570035,no_name,12.96148139681572
47.413075799999994,8.547184199999998,no_name,13.0
48.5763609,7.806742900000001,no_name,13.0
47.3711385,8.5516988,no_name,13.038404810405298
49.226966600000004,16.5952378,no_name,13.038404810405298
50.0709318,19.9421332,no_name,13.076696830622021
49.408843700000006,8.6878948,no_name,13.076696830622021
48.1282609,11.6293266,no_name,13.114877048604
52.2221061,21.007000199999997,no_name,13.114877048604
45.8107336,15.9698427,no_name,13.152946437965905
52.5193794,13.3926473,no_name,13.152946437965905
49.4083336,8.6832796,no_name,13.152946437965905
48.2118282,16.3110557,no_name,13.2664991614216
51.313120899999994,9.4726733,no_name,13.2664991614216
52.1266557,11.630874,no_name,13.2664991614216
53.0698317,8.797963099999999,no_name,13.2664991614216
41.4060744,2.1887236,no_name,13.30413469565007
48.1940519,16.4075341,no_name,13.30413469565007
44.8092582,20.4574128,no_name,13.341664064126334
48.2352374,16.3697256,no_name,13.341664064126334
50.9268492,6.9382519,no_name,13.341664064126334
51.3358452,12.384937400000002,no_name,13.341664064126334
51.1175075,17.033916899999998,no_name,13.341664064126334
45.4271028,4.391236599999999,no_name,13.379088160259652
43.662985600000006,-79.40025909999999,no_name,13.379088160259652
42.3658097,-71.0617167,no_name,13.379088160259652
53.0694934,8.7965176,no_name,13.416407864998739
43.854963700000006,18.4042685,no_name,13.416407864998739
51.05596129999999,13.7283576,no_name,13.45362404707371
47.3572447,8.555690400000001,no_name,13.490737563232042
49.142973,9.2085925,no_name,13.490737563232042
52.52372020000001,13.4162395,no_name,13.527749258468683
47.3843352,8.5465387,no_name,13.527749258468683
48.19549310000001,16.2832975,no_name,13.564659966250536
52.5396529,13.4020335,no_name,13.564659966250536
45.4272444,4.3917485,no_name,13.564659966250536
48.2118043,16.313057,no_name,13.638181696985855
47.3864067,8.5304761,no_name,13.638181696985855
50.123748799999994,14.4594182,no_name,13.638181696985855
46.7961371,13.489043099999998,no_name,13.638181696985855
52.2204019,21.0078395,no_name,13.638181696985855
45.7487115,4.836115400000001,no_name,13.638181696985855
47.376428600000004,8.5478184,no_name,13.674794331177344
43.66391470000001,-79.4011735,no_name,13.711309200802088
50.0710205,19.9430343,no_name,13.711309200802088
43.6600806,-79.39974529999999,no_name,13.74772708486752
45.4258357,4.3920107,no_name,13.784048752090222
45.427405799999995,4.391662999999999,no_name,13.784048752090222
51.06288,13.7383823,no_name,13.820274961085254
47.3709542,8.5524205,no_name,13.820274961085254
52.547728799999994,13.4558902,no_name,13.856406460551018
45.5083441,9.1992398,no_name,13.856406460551018
49.010966700000004,8.4198803,no_name,13.892443989449804
35.8619728,139.9708887,no_name,13.892443989449804
50.8396669,4.3414077,no_name,13.892443989449804
49.594362700000005,17.2468421,no_name,13.892443989449804
51.758567,14.328373000000001,no_name,13.892443989449804
44.805642799999994,20.4762095,no_name,13.92838827718412
48.1810754,11.5130049,no_name,13.92838827718412
48.2077405,16.3379818,no_name,13.96424004376894
48.7248261,21.2525203,no_name,13.96424004376894
48.154999600000004,11.5558365,no_name,13.96424004376894
50.1245719,14.4591398,no_name,14.035668847618199
48.244036200000004,16.3440799,no_name,14.071247279470288
52.222404,21.0058204,no_name,14.106735979665885
52.220723,21.0096201,no_name,14.106735979665885
48.2262616,16.3347768,no_name,14.106735979665885
52.524346400000006,13.4484241,no_name,14.106735979665885
53.0719422,8.7935632,no_name,14.142135623730951
51.111544200000004,17.052243700000002,no_name,14.142135623730951
48.2126324,16.3160055,no_name,14.177446878757825
45.4257735,4.3914039,no_name,14.177446878757825
45.4260382,4.3921428,no_name,14.177446878757825
45.4273277,4.3875913,no_name,14.177446878757825
50.71760020000001,12.4996433,no_name,14.212670403551895
52.2208046,21.0080323,no_name,14.247806848775006
45.426109100000005,4.3915266,no_name,14.247806848775006
48.3808885,10.873013400000001,no_name,14.247806848775006
48.210930600000005,16.3628495,no_name,14.247806848775006
50.0710123,19.9430712,no_name,14.247806848775006
49.009975,8.413129199999998,no_name,14.2828568570857
51.1208341,17.0340169,no_name,14.2828568570857
50.839591999999996,4.3413219000000005,no_name,14.317821063276353
52.54125749999999,13.439821400000001,no_name,14.352700094407323
45.4256013,4.392174400000001,no_name,14.38749456993816
41.4067602,2.1948051,no_name,14.38749456993816
45.4503524,9.1896784,no_name,14.38749456993816
44.8960572,8.206391900000002,no_name,14.422205101855956
51.4861538,11.977340400000001,no_name,14.45683229480096
51.4868409,11.978693,no_name,14.45683229480096
45.748550200000004,4.8362772000000005,no_name,14.491376746189438
48.2567141,16.403232,no_name,14.491376746189438
48.187459499999996,16.362416800000002,no_name,14.52583904633395
51.4935924,10.7930784,no_name,14.560219778561036
57.696337,11.9674715,no_name,14.594519519326424
48.231331299999994,16.3524517,no_name,14.628738838327793
50.9729799,11.0234355,no_name,14.628738838327793
45.4248725,4.3921834,no_name,14.628738838327793
51.1001318,17.0364001,no_name,14.628738838327793
50.117736900000004,8.641119,no_name,14.628738838327793
51.1279046,13.5801201,no_name,14.66287829861518
47.465129499999996,-0.5586654999999999,no_name,14.66287829861518
53.072265599999994,8.7930814,no_name,14.66287829861518
52.48218249999999,13.5239703,no_name,14.66287829861518
47.3684436,8.560874,no_name,14.696938456699069
41.6557014,-0.8848946,no_name,14.696938456699069
51.0429848,13.7987617,no_name,14.730919862656235
51.4898399,11.976177,no_name,14.730919862656235
48.1264632,11.6324818,no_name,14.7648230602334
47.9923034,7.8450485,no_name,14.7648230602334
48.2267211,16.3340394,no_name,14.7648230602334
51.06069960000001,13.6809935,no_name,14.798648586948742
43.6219607,3.8716913999999996,no_name,14.798648586948742
53.0728719,8.793204699999999,no_name,14.798648586948742
49.0091091,8.3845845,no_name,14.798648586948742
47.550709600000005,7.592844800000001,no_name,14.798648586948742
53.0721315,8.795003900000001,no_name,14.832396974191326
54.08540229999999,12.1094011,no_name,14.832396974191326
48.2378211,16.3497702,no_name,14.866068747318506
51.3205649,9.4982538,no_name,14.866068747318506
52.404717600000005,13.060004,no_name,14.89966442575134
53.072442599999995,8.7924361,no_name,14.966629547095765
53.5608338,9.9895913,no_name,15.0
53.0726051,8.793780300000002,no_name,15.0
49.2075239,16.6269823,no_name,15.0
51.4774997,7.2235040999999995,no_name,15.033296378372908
46.9474935,7.390575500000001,no_name,15.033296378372908
53.634420999999996,11.4080047,no_name,15.033296378372908
49.229617,16.5922938,no_name,15.033296378372908
50.7721251,15.061176800000002,no_name,15.066519173319364
51.3131213,12.3752265,no_name,15.066519173319364
47.993695,7.8438402,no_name,15.066519173319364
51.4767088,11.9668843,no_name,15.066519173319364
48.6949655,6.1935915,no_name,15.0996688705415
52.5210259,13.4492167,no_name,15.0996688705415
54.907304700000005,8.3098825,no_name,15.0996688705415
51.1097019,17.0580513,no_name,15.132745950421556
48.243044,16.4329787,no_name,15.165750888103101
48.896365100000004,2.4602946,no_name,15.165750888103101
48.2006924,16.335249400000002,no_name,15.165750888103101
50.7727292,15.0623764,no_name,15.165750888103101
47.2558176,11.3919005,no_name,15.165750888103101
52.4045503,13.060933,no_name,15.165750888103101
49.0112253,8.3843948,no_name,15.198684153570664
44.8063446,20.4763957,no_name,15.198684153570664
50.278547700000004,18.9450705,no_name,15.198684153570664
52.4086168,16.9116842,no_name,15.198684153570664
51.4284708,6.772590400000001,no_name,15.231546211727817
50.0601912,19.9315219,no_name,15.231546211727817
50.0996521,8.6858732,no_name,15.231546211727817
46.0580693,14.5103805,no_name,15.231546211727817
45.8046763,15.9787812,no_name,15.264337522473747
51.1089636,17.0599395,no_name,15.297058540778355
51.1089636,17.0599395,no_name,15.297058540778355
51.1089636,17.0599395,no_name,15.297058540778355
44.4417964,26.1294799,no_name,15.297058540778355
50.8190136,12.9290543,no_name,15.297058540778355
52.479174,13.3500327,no_name,15.297058540778355
51.1089636,17.0599395,no_name,15.297058540778355
51.1089636,17.0599395,no_name,15.297058540778355
48.935238,2.3458885,no_name,15.297058540778355
48.2882034,14.298115099999999,no_name,15.329709716755891
35.6298075,139.73610980000004,no_name,15.329709716755891
51.0438972,13.7977514,no_name,15.329709716755891
38.7109533,-9.1551735,no_name,15.329709716755891
34.7633258,137.38245039999998,no_name,15.329709716755891
51.330591999999996,12.3818194,no_name,15.394804318340652
46.9478142,7.3913784,no_name,15.394804318340652
51.1094173,17.059639999999998,no_name,15.394804318340652
45.8052164,15.9759824,no_name,15.427248620541512
48.3747553,10.892549,no_name,15.427248620541512
47.6336096,6.853713900000001,no_name,15.427248620541512
49.010912100000006,8.3839,no_name,15.459624833740307
45.4261112,4.3934294000000005,no_name,15.491933384829668
51.4864059,11.9786824,no_name,15.491933384829668
49.204173299999994,16.5980804,no_name,15.524174696260024
49.0111954,8.383927499999999,no_name,15.556349186104045
52.2540298,10.541687300000001,no_name,15.556349186104045
51.493123600000004,10.7893149,no_name,15.556349186104045
51.1052032,17.0196827,no_name,15.556349186104045
47.3878054,8.5417594,no_name,15.556349186104045
43.658210600000004,-79.3971865,no_name,15.556349186104045
60.1732728,24.9480487,no_name,15.588457268119896
51.4776205,11.9740215,no_name,15.588457268119896
35.861683500000005,139.97017380000003,no_name,15.620499351813308
48.7663678,44.4776951,no_name,15.620499351813308
45.4496909,9.188609300000001,no_name,15.620499351813308
51.10948,17.0610311,no_name,15.620499351813308
48.7663678,44.4776951,no_name,15.620499351813308
48.2352075,16.3676396,no_name,15.652475842498529
46.19924,6.2364093,no_name,15.652475842498529
48.1946289,16.3343111,no_name,15.684387141358123
51.106079799999996,17.0393689,no_name,15.684387141358123
52.338276,14.5463952,no_name,15.684387141358123
48.1361335,11.599848699999999,no_name,15.684387141358123
45.424727399999995,4.3926400999999995,no_name,15.716233645501712
48.2491401,16.365148,no_name,15.716233645501712
49.0095316,8.412871899999999,no_name,15.716233645501712
47.9936747,7.842802000000001,no_name,15.716233645501712
47.9936815,7.844015,no_name,15.748015748023622
44.829553999999995,-0.560606,no_name,15.748015748023622
49.011282,8.3834993,no_name,15.7797338380595
48.3118808,14.2796991,no_name,15.7797338380595
47.6972669,8.6294684,no_name,15.7797338380595
49.0123408,8.3856058,no_name,15.811388300841896
47.554573600000005,7.622358,no_name,15.811388300841896
49.2039525,16.5977043,no_name,15.84297951775486
48.2288191,16.3309839,no_name,15.874507866387544
53.0730664,8.7934619,no_name,15.874507866387544
49.230475299999995,16.5916344,no_name,15.874507866387544
50.8307935,12.952753,no_name,15.874507866387544
47.465465,-0.5565185,no_name,15.874507866387544
49.4489033,1.0940722999999999,no_name,15.905973720586866
51.0989229,17.0366001,no_name,15.905973720586866
51.045491999999996,13.667389499999999,no_name,15.905973720586866
41.6682794,-0.8880805,no_name,15.905973720586866
51.1254446,13.580790599999998,no_name,15.905973720586866
47.9913572,7.819971799999999,no_name,15.937377450509228
45.7494598,4.8366115,no_name,15.937377450509228
47.465345500000005,-0.5574640000000001,no_name,15.968719422671311
52.4058893,16.9164828,no_name,15.968719422671311
59.91964889999999,30.329444899999995,no_name,15.968719422671311
47.465522,-0.557347,no_name,15.968719422671311
47.389256,8.5398822,no_name,15.968719422671311
53.5625353,9.9890306,no_name,16.0
40.4466036,-3.6921892,no_name,16.0
49.857361499999996,8.6517121,no_name,16.0
52.5571451,13.3809644,no_name,16.0
51.075596399999995,13.7276555,no_name,16.06237840420901
44.8144,20.453672,no_name,16.06237840420901
48.375482700000006,10.896082199999999,no_name,16.06237840420901
51.0760196,13.7277333,no_name,16.06237840420901
48.227511799999995,16.3318704,no_name,16.06237840420901
48.225587299999994,16.349504500000002,no_name,16.09347693943108
48.009026,7.857352099999999,no_name,16.09347693943108
52.5320909,13.3970392,no_name,16.1245154965971
49.203838,16.598537300000004,no_name,16.1245154965971
47.2612971,11.3882058,no_name,16.15549442140351
53.1060539,8.852948,no_name,16.15549442140351
48.0082761,7.855674400000001,no_name,16.186414056238647
48.1505933,11.6107638,no_name,16.186414056238647
52.1193667,8.6643992,no_name,16.186414056238647
43.262518299999996,-2.9487563999999997,no_name,16.217274740226856
60.71540409999999,28.7512836,no_name,16.217274740226856
52.221529100000005,21.005403899999997,no_name,16.217274740226856
55.763391799999994,37.7813804,no_name,16.217274740226856
43.2627009,-2.9490743999999998,no_name,16.217274740226856
51.116747700000005,17.043846600000002,no_name,16.24807680927192
45.0582939,7.660549400000001,no_name,16.24807680927192
51.109078600000004,17.0605263,no_name,16.24807680927192
51.2476355,6.7904423,no_name,16.24807680927192
52.5329295,13.3902577,no_name,16.24807680927192
51.4755523,11.972860699999998,no_name,16.278820596099706
52.135922799999996,11.6405675,no_name,16.278820596099706
47.3686459,8.516446499999999,no_name,16.278820596099706
55.72896239999999,37.6627126,no_name,16.30950643030009
50.773350799999996,15.0645643,no_name,16.30950643030009
49.0103249,8.4124707,no_name,16.30950643030009
53.5630652,9.9883689,no_name,16.30950643030009
52.2556784,21.038176999999997,no_name,16.30950643030009
45.7492029,4.8364543,no_name,16.34013463836819
44.927783000000005,4.8931846,no_name,16.34013463836819
52.2403217,20.991031600000003,no_name,16.34013463836819
45.779932200000005,4.8692357,no_name,16.3707055437449
51.4521083,6.9850046,no_name,16.401219466856727
47.992526700000006,7.8450681,no_name,16.401219466856727
51.1472386,14.979424900000001,no_name,16.431676725154983
47.3690583,8.522604600000001,no_name,16.431676725154983
48.1380583,11.550054300000001,no_name,16.46207763315433
47.554477399999996,7.6229094,no_name,16.46207763315433
43.2626812,-2.9494127999999997,no_name,16.522711641858304
60.199371299999996,24.933151199999998,no_name,16.55294535724685
46.4750879,30.732992499999998,no_name,16.55294535724685
44.8363662,-0.5830813,no_name,16.583123951777
47.266697799999996,11.344907199999998,no_name,16.583123951777
45.7491383,4.8368815000000005,no_name,16.583123951777
48.8945326,2.3171117000000003,no_name,16.61324772583615
47.368927,8.515348199999998,no_name,16.61324772583615
55.9462113,-3.2229357999999997,no_name,16.64331697709324
43.2625239,-2.9492635,no_name,16.703293088490067
51.046968799999995,13.754332999999999,no_name,16.703293088490067
48.585045799999996,7.7345315999999995,no_name,16.73320053068151
51.029431,13.724198699999999,no_name,16.73320053068151
43.6598666,-79.3984688,no_name,16.76305461424021
29.9494787,-90.06636590000001,no_name,16.792855623746664
33.7571441,-84.3897173,no_name,16.792855623746664
44.3160101,23.823556200000002,no_name,16.792855623746664
50.2610938,19.0262841,no_name,16.852299546352718
33.7566154,-84.3897495,no_name,16.852299546352718
51.7889555,19.4465076,no_name,16.852299546352718
33.756354200000004,-84.38915279999999,no_name,16.852299546352718
48.7838036,9.18591,no_name,16.852299546352718
38.7106789,-9.155683699999999,no_name,16.852299546352718
45.7495583,4.8369516,no_name,16.881943016134134
45.074135399999996,7.6838074999999995,no_name,16.911534525287763
51.3191286,9.4928369,no_name,16.911534525287763
33.7568061,-84.3894827,no_name,16.911534525287763
48.6896398,6.1745785,no_name,16.911534525287763
49.7365792,13.371205999999999,no_name,16.941074346097416
49.7369475,13.3708216,no_name,16.941074346097416
43.6650791,-79.40229559999999,no_name,16.941074346097416
51.839822999999996,12.2354577,no_name,16.97056274847714
60.1726524,24.9497505,no_name,16.97056274847714
51.477206200000005,11.9725499,no_name,16.97056274847714
48.689642600000006,6.1732711,no_name,16.97056274847714
47.907816499999996,1.9047232,no_name,16.97056274847714
60.1986777,24.9334337,no_name,16.97056274847714
53.1059024,8.8550344,no_name,17.029386365926403
54.0842704,12.142849499999999,no_name,17.029386365926403
48.007831599999996,7.856026700000001,no_name,17.05872210923198
49.801548,9.9357845,no_name,17.08800749063506
51.4938958,10.788586800000001,no_name,17.08800749063506
47.2172097,-1.5615378,no_name,17.08800749063506
49.7852665,9.9290072,no_name,17.08800749063506
33.2327453,131.6060443,no_name,17.11724276862369
51.062406599999996,13.740933800000002,no_name,17.146428199482248
49.2046898,16.597972400000003,no_name,17.146428199482248
49.0111461,8.3830576,no_name,17.146428199482248
43.258236600000004,-2.9460048,no_name,17.146428199482248
48.938254,2.3587366000000003,no_name,17.204650534085253
51.060686499999996,13.7537372,no_name,17.204650534085253
51.477342799999995,11.9710257,no_name,17.204650534085253
49.2055671,16.5979263,no_name,17.204650534085253
43.708764,7.2883545,no_name,17.26267650163207
60.1712418,24.9210267,no_name,17.291616465790582
50.924910100000005,11.584049199999999,no_name,17.320508075688775
45.0529368,7.6820923,no_name,17.320508075688775
51.0606799,13.754249100000001,no_name,17.349351572897472
51.476566,11.9716099,no_name,17.349351572897472
47.2671804,11.344796800000001,no_name,17.349351572897472
51.7609586,19.460111899999998,no_name,17.378147196982766
41.3885467,2.1350426,no_name,17.378147196982766
43.2618664,-2.9496865000000003,no_name,17.406895185529212
50.9405059,6.9744061,no_name,17.406895185529212
46.2058132,6.139885400000001,no_name,17.406895185529212
49.9889164,36.2045915,no_name,17.435595774162696
51.216362700000005,4.4210732,no_name,17.46424919657298
47.3786378,8.5222885,no_name,17.46424919657298
48.121812,14.878790300000002,no_name,17.46424919657298
52.2256058,20.990074399999997,no_name,17.4928556845359
51.4301054,6.7741161,no_name,17.549928774784245
45.4889232,9.201516900000001,no_name,17.578395831246947
50.3304491,8.7593139,no_name,17.578395831246947
49.108155100000005,6.1785839000000005,no_name,17.578395831246947
60.170497499999996,24.921341199999997,no_name,17.60681686165901
51.3187281,9.4933698,no_name,17.60681686165901
52.1298809,11.604333500000001,no_name,17.635192088548397
46.5822018,0.33309740000000004,no_name,17.635192088548397
45.4889453,9.2008724,no_name,17.635192088548397
48.8950148,2.2389739,no_name,17.663521732655695
47.131180799999996,7.241027099999999,no_name,17.663521732655695
51.3189119,9.4928592,no_name,17.69180601295413
48.1847498,17.1340813,no_name,17.72004514666935
47.9928573,7.845022099999999,no_name,17.776388834631177
50.9727738,11.0379433,no_name,17.776388834631177
52.221005299999995,21.0052922,no_name,17.776388834631177
48.409126799999996,15.604846900000002,no_name,17.776388834631177
51.1079476,17.0245473,no_name,17.804493814764857
52.1381778,11.637093400000001,no_name,17.832554500127006
48.007589,7.8561744000000004,no_name,17.86057109949175
45.5325616,-122.66119760000001,no_name,17.86057109949175
50.3316674,8.7602992,no_name,17.88854381999832
45.9233043,6.8725179999999995,no_name,17.88854381999832
45.0527425,7.6824724,no_name,17.916472867168917
45.0486421,39.0024147,no_name,17.97220075561143
50.1042642,8.6944899,no_name,18.0
43.708886,7.287966,no_name,18.0
52.407059100000005,16.9158725,no_name,18.0
52.3905944,13.091980699999999,no_name,18.027756377319946
53.892712100000004,27.5451849,no_name,18.027756377319946
52.390399,13.0922826,no_name,18.027756377319946
45.485975700000004,9.2018958,no_name,18.027756377319946
51.3328323,12.3803421,no_name,18.05547008526779
47.5525813,7.5943799,no_name,18.05547008526779
52.5193968,13.3917458,no_name,18.05547008526779
52.2606305,10.5220942,no_name,18.05547008526779
49.1972933,16.6013585,no_name,18.05547008526779
38.7108031,-9.1547476,no_name,18.083141320025124
45.0593718,7.672051,no_name,18.083141320025124
48.225871999999995,16.3544584,no_name,18.083141320025124
38.7121489,-9.1584175,no_name,18.083141320025124
49.2043492,16.5972918,no_name,18.110770276274835
47.9932612,7.844361699999999,no_name,18.138357147217054
55.947367799999995,-3.2208334,no_name,18.16590212458495
51.118958500000005,17.0543513,no_name,18.16590212458495
49.0025484,8.4643537,no_name,18.16590212458495
48.7785589,9.1646257,no_name,18.24828759089466
51.771028,19.473549,no_name,18.24828759089466
52.50827950000001,13.436293300000003,no_name,18.275666882497067
49.6814217,8.617057199999998,no_name,18.303005217723125
49.0017814,8.4624864,no_name,18.303005217723125
49.2042359,16.5969956,no_name,18.303005217723125
45.0598485,7.6733337,no_name,18.33030277982336
45.45070689999999,9.187881599999999,no_name,18.384776310850235
51.0539756,13.7230804,no_name,18.384776310850235
50.3313671,8.7596089,no_name,18.411952639521967
51.4773401,11.9874212,no_name,18.411952639521967
47.2675963,11.403694999999999,no_name,18.411952639521967
43.2614411,-2.9488502999999997,no_name,18.411952639521967
50.059039500000004,19.9424687,no_name,18.439088914585774
52.53088149999999,13.3805926,no_name,18.439088914585774
48.1661439,14.0281617,no_name,18.439088914585774
48.22572589999999,16.3538642,no_name,18.466185312619388
51.1026206,17.024114,no_name,18.466185312619388
45.063533899999996,7.685697599999999,no_name,18.466185312619388
45.052557,7.6819157,no_name,18.547236990991408
42.8613179,-2.6935599999999997,no_name,18.57417562100671
48.3655821,10.8863465,no_name,18.601075237738275
43.070366299999996,141.3532217,no_name,18.627936010197157
51.1065013,17.0386313,no_name,18.65475810617763
43.2535069,-2.9215471,no_name,18.708286933869708
48.196824299999996,16.2607646,no_name,18.708286933869708
48.1660088,14.0277131,no_name,18.734993995195193
33.852473700000004,132.7591707,no_name,18.81488772222678
51.3194141,12.376002699999999,no_name,18.81488772222678
51.0237876,13.7615592,no_name,18.841443681416774
48.1857828,16.3792691,no_name,18.867962264113206
48.476710600000004,7.9459924,no_name,18.867962264113206
49.410345299999996,8.6892983,no_name,18.920887928424502
51.2181682,4.4224937,no_name,18.920887928424502
51.023584899999996,13.762587699999997,no_name,18.920887928424502
48.3840703,10.879013,no_name,18.920887928424502
48.165704,14.026897,no_name,18.920887928424502
49.205111200000005,16.5974608,no_name,18.947295321496416
45.48636679999999,9.2047968,no_name,18.947295321496416
48.1381937,11.588742100000001,no_name,18.947295321496416
50.87384229999999,12.078817800000001,no_name,18.973665961010276
55.729261300000005,37.6438934,no_name,19.026297590440446
39.1089,-84.513874,no_name,19.026297590440446
51.0403946,13.7314649,no_name,19.05255888325765
52.2110613,5.969656400000001,no_name,19.209372712298546
52.211060499999995,5.9693886,no_name,19.209372712298546
51.5781849,8.104531399999999,no_name,19.209372712298546
51.0471751,13.678165900000002,no_name,19.235384061671343
51.0562624,13.7199833,no_name,19.28730152198591
60.170853799999996,24.9245229,no_name,19.313207915827967
45.770399700000006,3.0860488,no_name,19.364916731037084
52.5082186,13.4644745,no_name,19.364916731037084
47.9930766,7.844761999999999,no_name,19.44222209522358
47.6823328,17.6329134,no_name,19.519221295943137
55.610293000000006,13.000910000000001,no_name,19.544820285692065
49.2048925,16.597236499999998,no_name,19.544820285692065
55.74786120000001,37.682573,no_name,19.570385790780925
51.0466156,13.678162300000002,no_name,19.595917942265423
51.12406370000001,17.0498078,no_name,19.595917942265423
55.947333900000004,-3.2206282,no_name,19.621416870348583
49.744218,13.375153200000002,no_name,19.672315572906
45.445428899999996,4.400193,no_name,19.672315572906
47.6189609,-122.3375666,no_name,19.672315572906
51.4789709,7.223051600000001,no_name,19.697715603592208
51.1098141,17.0584902,no_name,19.697715603592208
51.113762799999996,17.0622854,no_name,19.697715603592208
43.644951899999995,-79.3925979,no_name,19.72308292331602
48.1659446,14.026565300000001,no_name,19.748417658131498
52.4050209,16.9124233,no_name,19.77371993328519
52.2110598,5.9691209,no_name,19.77371993328519
52.211059000000006,5.9688267999999995,no_name,19.77371993328519
51.330530200000005,12.3775219,no_name,19.77371993328519
51.0655835,13.741142000000002,no_name,19.79898987322333
53.37749720000001,-1.4660645,no_name,19.849433241279208
45.48863729999999,9.2012005,no_name,19.87460691435179
49.2047162,16.5968209,no_name,19.87460691435179
45.484188700000004,9.1844913,no_name,19.8997487421324
48.895753799999994,2.3150997,no_name,19.924858845171276
38.7138004,-9.13083,no_name,19.949937343260004
51.713217,8.740697500000001,no_name,20.09975124224178
47.259050099999996,11.392809100000001,no_name,20.09975124224178
51.204403799999994,6.684335000000001,no_name,20.12461179749811
51.4579466,7.0189645,no_name,20.149441679609886
45.081229799999996,7.653057899999999,no_name,20.174241001832016
51.118511299999994,17.053601999999998,no_name,20.199009876724155
50.3507005,7.5891958,no_name,20.248456731316587
50.0616276,19.9308257,no_name,20.248456731316587
48.7132202,9.4119025,no_name,20.248456731316587
45.067657200000006,7.677566000000001,no_name,20.273134932713294
50.9256905,11.5859797,no_name,20.29778313018444
51.1184078,17.054543600000002,no_name,20.322401432901575
52.4042094,13.0598659,no_name,20.346989949375804
41.410063,2.2187266,no_name,20.346989949375804
47.6174089,-122.3349092,no_name,20.37154878746336
45.06499779999999,7.685537700000001,no_name,20.37154878746336
51.5066688,7.1038882,no_name,20.396078054371138
48.1748129,16.3314777,no_name,20.42057785666214
53.1342202,23.1356992,no_name,20.493901531919196
50.441615999999996,30.487683,no_name,20.493901531919196
52.1660746,4.4806954,no_name,20.639767440550294
45.4433492,4.399438,no_name,20.639767440550294
49.410613,8.689521800000001,no_name,20.663978319771825
56.8420684,53.204301,no_name,20.71231517720798
45.571328,5.9195447,no_name,20.73644135332772
50.9451378,6.961653,no_name,20.73644135332772
50.0628046,19.9300392,no_name,20.73644135332772
50.716119899999995,12.4792002,no_name,20.760539492026695
51.458535600000005,7.0176476999999995,no_name,20.760539492026695
49.2055656,16.5918063,no_name,20.760539492026695
51.110325399999994,17.059866500000002,no_name,20.784609690826528
51.5026149,-0.0859199,no_name,20.784609690826528
52.2189261,21.011802199999998,no_name,20.808652046684813
48.795747,2.1333917999999996,no_name,20.83266665599966
50.8190939,8.7746528,no_name,20.83266665599966
51.2343398,7.0717891,no_name,20.8806130178211
43.2605113,-2.9504653999999997,no_name,20.952326839756964
45.776106799999994,4.864424700000001,no_name,20.952326839756964
49.4099625,8.6894405,no_name,21.0
45.7762485,4.8631985,no_name,21.0
50.4403512,30.489218599999997,no_name,21.0
48.1868251,17.1336647,no_name,21.0
53.1978592,5.7929138,no_name,21.02379604162864
52.360862,4.901085500000001,no_name,21.071307505705477
47.2175753,39.6945107,no_name,21.071307505705477
47.2175753,39.6945107,no_name,21.071307505705477
55.6091961,13.0009116,no_name,21.118712081942874
56.47773589999999,84.9519127,no_name,21.118712081942874
48.7953185,2.1352672000000004,no_name,21.18962010041709
52.529424600000006,13.379714300000002,no_name,21.2602916254693
47.6820315,17.6338667,no_name,21.307275752662516
47.2175714,-1.5419146000000001,no_name,21.307275752662516
48.13455379999999,11.599571899999999,no_name,21.307275752662516
47.742383600000004,7.3429189,no_name,21.307275752662516
53.958053899999996,-1.0932624,no_name,21.354156504062622
44.4419971,26.150795499999997,no_name,21.42428528562855
45.0714463,7.6932774,no_name,21.517434791350013
56.9608713,24.141100100000003,no_name,21.587033144922902
48.1586646,17.1063717,no_name,21.633307652783937
45.4879694,9.2002849,no_name,21.656407827707714
48.085584000000004,16.295412,no_name,21.6794833886788
45.469699,9.167355699999998,no_name,21.702534414210707
51.757810600000006,19.4305475,no_name,21.748563170931547
49.982544,9.141809,no_name,21.79449471770337
52.4283169,10.7884415,no_name,21.79449471770337
49.0094235,8.412170800000002,no_name,21.93171219946131
47.500461,19.0839652,no_name,21.95449840010015
49.2059685,16.5927507,no_name,22.0
53.7442432,-0.3470125,no_name,22.02271554554524
51.23421679999999,7.071413400000001,no_name,22.02271554554524
49.10952879999999,6.1769485,no_name,22.02271554554524
53.143663600000004,8.2228468,no_name,22.045407685048602
47.5475775,7.5897762,no_name,22.090722034374522
49.4107252,8.6902781,no_name,22.090722034374522
49.410354600000005,8.690036,no_name,22.090722034374522
47.216277399999996,-1.5421497,no_name,22.11334438749598
41.884468299999995,-87.6237465,no_name,22.20360331117452
48.1527631,17.117342999999998,no_name,22.22611077089287
51.0565995,13.7203772,no_name,22.24859546128699
52.504062,13.471190300000002,no_name,22.24859546128699
52.5688113,13.413078500000001,no_name,22.271057451320086
51.197378799999996,3.2173591,no_name,22.271057451320086
35.627787899999994,139.7407498,no_name,22.293496809607955
56.8420812,60.649125600000005,no_name,22.315913604421397
48.1598346,17.1071447,no_name,22.315913604421397
47.6167505,-122.33574329999999,no_name,22.360679774997898
49.63234979999999,6.1688516,no_name,22.427661492005804
52.3880778,4.6385788,no_name,22.538855339169288
52.4291444,10.7878095,no_name,22.538855339169288
35.7523491,139.73829740000002,no_name,22.60530911091463
48.1857466,16.3786772,no_name,22.627416997969522
45.067733600000004,7.6931539,no_name,22.64950330581225
45.0698575,7.690326700000001,no_name,22.67156809750927
38.7062462,-9.155307400000002,no_name,22.715633383201094
49.8736326,8.630642100000001,no_name,22.737634001804146
47.9935611,7.8444009999999995,no_name,22.80350850198276
53.4751995,-2.2320648999999997,no_name,22.825424421026653
47.616912400000004,-122.3360548,no_name,22.825424421026653
59.9110162,10.753003300000001,no_name,22.825424421026653
48.7781273,9.164868400000001,no_name,22.847319317591726
41.3810283,2.1394118,no_name,22.847319317591726
50.1038556,8.6621444,no_name,22.869193252058544
45.4792374,9.1812869,no_name,22.9128784747792
51.451634399999996,7.0146933,no_name,22.9128784747792
48.0848971,16.292101199999998,no_name,22.93468988235943
50.739121399999995,7.104947900000001,no_name,22.93468988235943
47.3891323,0.6942297,no_name,22.956480566497994
48.126447399999996,11.601974400000001,no_name,22.978250586152114
52.530342700000006,13.3959674,no_name,23.0
49.0485911,2.0120989,no_name,23.021728866442675
49.04881760000001,2.0123004,no_name,23.043437243605826
53.477417,-2.2310182999999997,no_name,23.08679276123039
43.645331299999995,-79.39245109999999,no_name,23.108440016582687
56.9522684,24.1208704,no_name,23.108440016582687
52.2261461,21.0023159,no_name,23.2379000772445
49.0486292,2.0125862,no_name,23.473389188611005
38.7133545,-9.132741900000001,no_name,23.515952032609693
48.8877419,2.3140471000000002,no_name,23.53720459187964
48.9468566,2.2572441000000003,no_name,23.558437978779494
51.4421695,7.5594719,no_name,23.62202362203543
48.584945899999994,7.755942999999999,no_name,23.664319132398465
53.0840269,8.814719699999998,no_name,23.706539182259394
52.4282625,10.7871125,no_name,23.727621035409346
48.1512021,17.1200213,no_name,23.727621035409346
48.991761700000005,8.403155499999999,no_name,23.769728648009426
50.7214067,12.4980564,no_name,23.790754506740637
24.137099300000003,120.6867314,no_name,23.811761799581316
48.725848799999994,2.261377,no_name,23.853720883753127
49.2056351,16.5933961,no_name,23.874672772626646
51.1036896,17.028219399999998,no_name,23.93741840717165
51.337897,12.3782984,no_name,23.979157616563597
50.10419,8.6619314,no_name,24.310491562286437
48.2912128,14.2889644,no_name,24.310491562286437
53.475936499999996,-2.2321805,no_name,24.310491562286437
50.9383977,6.9756909,no_name,24.351591323771842
57.7085308,11.976297800000001,no_name,24.372115213907882
38.707153999999996,-9.152393,no_name,24.596747752497688
52.397523299999996,13.0507341,no_name,24.596747752497688
49.446879200000005,11.085831599999999,no_name,24.61706725018234
48.213967499999995,16.3650517,no_name,24.63736998950984
38.709628,-9.155384199999999,no_name,24.657656011875904
48.7868957,2.0447433999999998,no_name,24.71841418861655
48.2563799,16.4001284,no_name,24.758836806279895
39.466127,-0.3774364,no_name,24.839484696748443
58.596417599999995,16.1835837,no_name,24.859605789312106
45.071574299999995,7.6658523,no_name,24.919871588754223
52.4275811,10.7868308,no_name,25.019992006393608
47.2161167,-1.5431845,no_name,25.099800796022265
48.2026206,16.3663423,no_name,25.099800796022265
49.756930100000005,6.6519870999999995,no_name,25.11971337416094
51.690407,5.2946151,no_name,25.179356624028344
51.502993599999996,-0.08517310000000002,no_name,25.179356624028344
47.491254,12.060953699999999,no_name,25.298221281347036
49.634650799999996,8.356885,no_name,25.357444666211933
44.507261299999996,11.342902699999998,no_name,25.37715508089904
47.263532500000004,11.400550599999999,no_name,25.495097567963924
50.881355799999994,4.7156937,no_name,25.553864678361276
52.510240599999996,13.375252,no_name,25.612496949731394
35.9076145,139.62444340000002,no_name,25.69046515733026
50.343394,18.9152324,no_name,25.865034312755125
48.6258591,2.4285361,no_name,25.92296279363144
48.5842772,7.7565543,no_name,25.942243542145693
45.067828799999994,7.6926031,no_name,25.942243542145693
38.7211644,-9.1289191,no_name,26.0
51.3157705,9.4892049,no_name,26.115129714401192
52.507411600000005,13.3288789,no_name,26.229754097208
47.0722295,15.417193300000003,no_name,26.229754097208
47.9936225,7.8445819000000006,no_name,26.267851073127396
35.613314,140.11353640000002,no_name,26.343879744638983
49.0478701,2.0110099,no_name,26.38181191654584
52.0916082,5.1067549,no_name,26.419689627245813
38.7096935,-9.1549934,no_name,26.514147167125703
39.7558489,-105.0018033,no_name,26.60826939130014
57.7082747,11.976118099999999,no_name,26.68332812825267
40.4052689,-3.6880870000000003,no_name,26.758176320519304
50.7689874,6.0956647,no_name,26.851443164195103
51.362603299999996,7.461685000000001,no_name,26.870057685088806
43.704588,7.262235499999999,no_name,26.90724809414742
51.6783465,7.8089675000000005,no_name,26.94438717061496
60.1714521,24.9498798,no_name,26.94438717061496
35.6800423,139.7681763,no_name,26.962937525425527
39.7553659,-105.0021294,no_name,26.981475126464083
51.345461,12.3784084,no_name,27.110883423451916
50.8603385,4.3607559,no_name,27.147743920996454
59.33014010000001,18.0576092,no_name,27.23967694375247
48.800262599999996,2.1290381000000003,no_name,27.313000567495326
35.613774799999995,140.11477319999997,no_name,27.367864366808018
47.5203758,21.627904,no_name,27.49545416973504
52.388718299999994,4.8410269999999995,no_name,27.53179979587241
56.948584499999996,24.1182663,no_name,27.586228448267445
53.8927211,27.5471097,no_name,27.622454633866266
52.522795499999994,13.4128909,no_name,27.730849247724095
48.6257632,2.4293005,no_name,27.748873851023216
45.4684125,9.175523599999998,no_name,27.748873851023216
39.7545535,-105.0030666,no_name,27.76688675382964
51.0360878,3.7108186,no_name,27.76688675382964
50.6836039,7.1594629,no_name,27.784887978899608
45.9018737,6.1211427,no_name,27.874719729532707
52.388737,4.8414176,no_name,27.910571473905726
52.388754600000006,4.8418035,no_name,27.910571473905726
45.0648708,7.6760446,no_name,28.0178514522438
48.5845581,7.7561572,no_name,28.142494558940577
43.2960753,5.566708900000001,no_name,28.19574435974337
48.99515220000001,8.402277900000001,no_name,28.319604517012593
52.388699700000004,4.8406363,no_name,28.39013913315678
24.1364966,120.68434409999999,no_name,28.407745422683583
51.6777459,7.809619500000001,no_name,28.53068523537421
45.1911674,5.7138158,no_name,28.61817604250837
52.3887723,4.8421953,no_name,28.61817604250837
50.103871399999996,8.6925823,no_name,28.635642126552707
43.6464556,-79.3918121,no_name,28.705400188814647
59.857840700000004,17.649437600000002,no_name,28.77498913987632
22.2867755,114.1524962,no_name,28.792360097775937
24.135993399999997,120.6852803,no_name,28.844410203711913
41.8786624,-87.6404057,no_name,28.879058156387302
50.7681244,6.0909045,no_name,28.965496715920477
45.4531766,9.1696292,no_name,28.982753492378876
45.1928727,5.7119109,no_name,29.171904291629644
48.72653629999999,2.2577783,no_name,29.410882339705484
45.751523399999996,4.8265823,no_name,29.512709126747414
52.5094209,13.496943599999998,no_name,29.58039891549808
48.196824400000004,16.3376716,no_name,29.832867780352597
51.3447268,12.3760736,no_name,29.88310559496787
52.524254500000005,13.3677478,no_name,29.916550603303182
43.3056234,5.3799639,no_name,30.116440692751194
45.061849200000005,7.678169500000001,no_name,30.28200785945344
51.4814029,11.9672806,no_name,30.430248109405877
43.305155799999994,5.3780018,no_name,30.463092423455635
49.047044299999996,2.0953702,no_name,30.495901363953813
44.5056053,11.3426782,no_name,30.56141357987225
53.8933122,27.5453458,no_name,30.577769702841312
43.3056731,5.3790862,no_name,30.659419433511783
29.952256,-90.0690642,no_name,30.659419433511783
43.30540560000001,5.3785045,no_name,30.675723300355934
48.2906354,14.291336300000001,no_name,30.692018506445613
42.333538399999995,-83.04992309999999,no_name,30.773365106858236
52.2508617,21.052851,no_name,30.789608636681304
47.4650635,19.0216391,no_name,30.822070014844883
45.1914809,5.7144959,no_name,30.870698080866262
38.7070523,-9.143262400000001,no_name,31.080540535840107
47.3165535,5.0312512,no_name,31.176914536239792
52.2521756,21.051689899999996,no_name,31.240998703626616
24.1360602,120.68573359999999,no_name,31.304951684997057
46.4673262,30.7405358,no_name,31.54362059117501
29.9528635,-90.0673446,no_name,31.591137997862628
50.837433399999995,4.3573951,no_name,31.85906464414798
59.8582212,17.646563600000004,no_name,32.60368077380221
56.9478199,24.115614800000003,no_name,32.68026927673638
43.3048407,5.378875099999999,no_name,32.92415526630866
24.1370975,120.685794,no_name,32.96968304366907
43.3047318,5.377382099999999,no_name,33.04542328371661
48.9330487,2.0412857,no_name,33.18132004607411
59.8587574,17.645870199999997,no_name,33.46640106136302
24.1366075,120.6846594,no_name,33.60059523282288
48.783623299999995,9.1815843,no_name,33.85262175962151
48.932576399999995,2.0386488999999997,no_name,34.058772731852805
49.3237102,8.4283691,no_name,34.058772731852805
24.1369168,120.6852615,no_name,34.336569426778794
53.3519978,-6.250321,no_name,34.36568055487916
48.8936705,8.702938099999999,no_name,34.48187929913333
43.305052200000006,5.3795637,no_name,34.539832078341085
50.7356498,7.0942856,no_name,34.97141690009142
46.469004,30.7375207,no_name,35.35533905932738
50.942413099999996,6.958284,no_name,35.552777669262355
52.52155379999999,13.411127800000003,no_name,35.832945734337834
50.8095739,6.4820773,no_name,35.832945734337834
47.995371899999995,7.8416431,no_name,35.888716889852724
51.910275799999994,10.4239519,no_name,36.4417343165772
47.9972343,7.8416304000000006,no_name,36.46916505762094
48.7250177,2.2606826,no_name,36.4828726939094
49.196826200000004,16.6043282,no_name,36.945906403822335
51.5319765,-0.1266338,no_name,37.376463182061514
52.3764947,9.741055099999999,no_name,37.456641600656084
39.7544493,-105.00052109999999,no_name,37.49666651850535
57.70811479999999,11.9750675,no_name,37.69615364994153
48.185277899999996,16.376523300000002,no_name,37.72267222772003
22.2757327,114.1783882,no_name,39.0
52.5076959,13.332607199999998,no_name,39.07684736515984
49.2995437,10.5772663,no_name,39.382737335030434
54.3543436,18.644686399999998,no_name,39.64845520319802
33.8099729,-117.91895590000001,no_name,39.761790704142086
49.0365501,2.079967,no_name,40.422765862815474
49.0366555,2.0794468,no_name,40.47221268969612
51.0520085,13.740395300000001,no_name,41.569219381653056
51.9070466,8.3845806,no_name,42.09513035969837
43.941913899999996,4.805339,no_name,42.41462012089699
53.378888100000005,-1.4640128000000001,no_name,43.278170016764804
53.378786,-1.4649012,no_name,43.94314508543966
53.378770900000006,-1.4652399999999999,no_name,44.63182720884279
57.709247700000006,11.972850900000001,no_name,44.955533585978046
53.3790806,-1.4640336999999999,no_name,45.05552130427524
52.4018086,16.910160600000005,no_name,45.35416188179427
51.0504429,13.7421867,no_name,46.20606020859169
52.090319799999996,5.1073870999999995,no_name,46.71188285650665
47.5985107,-122.32993929999999,no_name,47.41307836451879
52.3783155,4.9005918,no_name,47.486840282335066
48.8832403,2.3594004,no_name,47.58150901348127
53.37930060000001,-1.4640686,no_name,47.61302342846965
53.3792757,-1.4650093000000002,no_name,48.48711168960263
53.379206,-1.465644,no_name,48.84669896727925
48.7228367,21.267727,no_name,49.10193478876367
50.73256129999999,7.0959598,no_name,49.92995093127971
52.402725399999994,16.9128522,no_name,50.11985634456667
53.379606499999994,-1.4651548,no_name,51.78802950489621
50.7322795,7.0969863,no_name,51.980765673468106
60.1717892,24.9418243,no_name,52.23983154643591
52.0895306,5.107098000000001,no_name,52.478567053607705
52.0885996,5.1061904,no_name,52.687759489277965
48.14057929999999,11.5584089,no_name,55.40758070878027
36.711411,-4.4319793,no_name,56.674509261219015
